id	proxy	label_cateogory
1	http://purl.org/collections/nl/am/proxy-69550	http://purl.org/collections/nl/am/t-22503
2	http://purl.org/collections/nl/am/proxy-6266	http://purl.org/collections/nl/am/t-15459
3	http://purl.org/collections/nl/am/proxy-47358	http://purl.org/collections/nl/am/t-22503
4	http://purl.org/collections/nl/am/proxy-44707	http://purl.org/collections/nl/am/t-5504
5	http://purl.org/collections/nl/am/proxy-24708	http://purl.org/collections/nl/am/t-15579
6	http://purl.org/collections/nl/am/proxy-52876	http://purl.org/collections/nl/am/t-22503
7	http://purl.org/collections/nl/am/proxy-54032	http://purl.org/collections/nl/am/t-22503
8	http://purl.org/collections/nl/am/proxy-27766	http://purl.org/collections/nl/am/t-5504
9	http://purl.org/collections/nl/am/proxy-46020	http://purl.org/collections/nl/am/t-14592
10	http://purl.org/collections/nl/am/proxy-48140	http://purl.org/collections/nl/am/t-22504
11	http://purl.org/collections/nl/am/proxy-57926	http://purl.org/collections/nl/am/t-22503
12	http://purl.org/collections/nl/am/proxy-8521	http://purl.org/collections/nl/am/t-15606
13	http://purl.org/collections/nl/am/proxy-69329	http://purl.org/collections/nl/am/t-22503
14	http://purl.org/collections/nl/am/proxy-39878	http://purl.org/collections/nl/am/t-22505
15	http://purl.org/collections/nl/am/proxy-43647	http://purl.org/collections/nl/am/t-22505
16	http://purl.org/collections/nl/am/proxy-3171	http://purl.org/collections/nl/am/t-22503
17	http://purl.org/collections/nl/am/proxy-8799	http://purl.org/collections/nl/am/t-15606
18	http://purl.org/collections/nl/am/proxy-48798	http://purl.org/collections/nl/am/t-22504
19	http://purl.org/collections/nl/am/proxy-477	http://purl.org/collections/nl/am/t-22503
20	http://purl.org/collections/nl/am/proxy-10993	http://purl.org/collections/nl/am/t-22508
21	http://purl.org/collections/nl/am/proxy-57169	http://purl.org/collections/nl/am/t-22503
22	http://purl.org/collections/nl/am/proxy-41494	http://purl.org/collections/nl/am/t-22505
23	http://purl.org/collections/nl/am/proxy-27880	http://purl.org/collections/nl/am/t-15579
24	http://purl.org/collections/nl/am/proxy-73781	http://purl.org/collections/nl/am/t-15459
25	http://purl.org/collections/nl/am/proxy-38695	http://purl.org/collections/nl/am/t-22506
26	http://purl.org/collections/nl/am/proxy-27212	http://purl.org/collections/nl/am/t-5504
27	http://purl.org/collections/nl/am/proxy-40374	http://purl.org/collections/nl/am/t-22505
28	http://purl.org/collections/nl/am/proxy-37383	http://purl.org/collections/nl/am/t-22506
29	http://purl.org/collections/nl/am/proxy-10996	http://purl.org/collections/nl/am/t-22508
30	http://purl.org/collections/nl/am/proxy-66706	http://purl.org/collections/nl/am/t-5504
31	http://purl.org/collections/nl/am/proxy-59884	http://purl.org/collections/nl/am/t-22503
32	http://purl.org/collections/nl/am/proxy-12385	http://purl.org/collections/nl/am/t-15606
33	http://purl.org/collections/nl/am/proxy-15801	http://purl.org/collections/nl/am/t-5504
34	http://purl.org/collections/nl/am/proxy-23221	http://purl.org/collections/nl/am/t-15579
35	http://purl.org/collections/nl/am/proxy-62057	http://purl.org/collections/nl/am/t-22505
36	http://purl.org/collections/nl/am/proxy-52502	http://purl.org/collections/nl/am/t-22503
37	http://purl.org/collections/nl/am/proxy-38136	http://purl.org/collections/nl/am/t-22506
38	http://purl.org/collections/nl/am/proxy-65743	http://purl.org/collections/nl/am/t-22503
39	http://purl.org/collections/nl/am/proxy-45712	http://purl.org/collections/nl/am/t-14592
40	http://purl.org/collections/nl/am/proxy-30335	http://purl.org/collections/nl/am/t-15579
41	http://purl.org/collections/nl/am/proxy-66666	http://purl.org/collections/nl/am/t-15579
42	http://purl.org/collections/nl/am/proxy-59851	http://purl.org/collections/nl/am/t-22503
43	http://purl.org/collections/nl/am/proxy-27666	http://purl.org/collections/nl/am/t-15579
44	http://purl.org/collections/nl/am/proxy-3815	http://purl.org/collections/nl/am/t-22503
45	http://purl.org/collections/nl/am/proxy-28862	http://purl.org/collections/nl/am/t-15579
46	http://purl.org/collections/nl/am/proxy-42808	http://purl.org/collections/nl/am/t-22505
47	http://purl.org/collections/nl/am/proxy-2360	http://purl.org/collections/nl/am/t-22503
48	http://purl.org/collections/nl/am/proxy-38961	http://purl.org/collections/nl/am/t-22506
49	http://purl.org/collections/nl/am/proxy-62646	http://purl.org/collections/nl/am/t-22503
50	http://purl.org/collections/nl/am/proxy-7365	http://purl.org/collections/nl/am/t-15606
51	http://purl.org/collections/nl/am/proxy-55951	http://purl.org/collections/nl/am/t-22503
52	http://purl.org/collections/nl/am/proxy-74110	http://purl.org/collections/nl/am/t-22504
53	http://purl.org/collections/nl/am/proxy-31534	http://purl.org/collections/nl/am/t-5504
54	http://purl.org/collections/nl/am/proxy-25361	http://purl.org/collections/nl/am/t-15459
55	http://purl.org/collections/nl/am/proxy-72424	http://purl.org/collections/nl/am/t-22503
56	http://purl.org/collections/nl/am/proxy-70664	http://purl.org/collections/nl/am/t-22503
57	http://purl.org/collections/nl/am/proxy-49237	http://purl.org/collections/nl/am/t-22504
58	http://purl.org/collections/nl/am/proxy-38239	http://purl.org/collections/nl/am/t-22506
59	http://purl.org/collections/nl/am/proxy-72323	http://purl.org/collections/nl/am/t-22503
60	http://purl.org/collections/nl/am/proxy-2840	http://purl.org/collections/nl/am/t-22503
61	http://purl.org/collections/nl/am/proxy-30060	http://purl.org/collections/nl/am/t-15459
62	http://purl.org/collections/nl/am/proxy-54477	http://purl.org/collections/nl/am/t-22503
63	http://purl.org/collections/nl/am/proxy-14505	http://purl.org/collections/nl/am/t-15459
64	http://purl.org/collections/nl/am/proxy-39502	http://purl.org/collections/nl/am/t-22506
65	http://purl.org/collections/nl/am/proxy-32645	http://purl.org/collections/nl/am/t-15606
66	http://purl.org/collections/nl/am/proxy-12959	http://purl.org/collections/nl/am/t-15606
67	http://purl.org/collections/nl/am/proxy-11546	http://purl.org/collections/nl/am/t-22508
68	http://purl.org/collections/nl/am/proxy-51646	http://purl.org/collections/nl/am/t-22503
69	http://purl.org/collections/nl/am/proxy-59889	http://purl.org/collections/nl/am/t-22503
70	http://purl.org/collections/nl/am/proxy-49361	http://purl.org/collections/nl/am/t-22504
71	http://purl.org/collections/nl/am/proxy-3239	http://purl.org/collections/nl/am/t-22503
72	http://purl.org/collections/nl/am/proxy-2362	http://purl.org/collections/nl/am/t-22503
73	http://purl.org/collections/nl/am/proxy-31878	http://purl.org/collections/nl/am/t-15579
74	http://purl.org/collections/nl/am/proxy-12469	http://purl.org/collections/nl/am/t-15606
75	http://purl.org/collections/nl/am/proxy-71827	http://purl.org/collections/nl/am/t-22503
76	http://purl.org/collections/nl/am/proxy-62183	http://purl.org/collections/nl/am/t-22505
77	http://purl.org/collections/nl/am/proxy-15189	http://purl.org/collections/nl/am/t-5504
78	http://purl.org/collections/nl/am/proxy-63844	http://purl.org/collections/nl/am/t-15606
79	http://purl.org/collections/nl/am/proxy-47291	http://purl.org/collections/nl/am/t-5504
80	http://purl.org/collections/nl/am/proxy-16713	http://purl.org/collections/nl/am/t-22508
81	http://purl.org/collections/nl/am/proxy-10880	http://purl.org/collections/nl/am/t-22508
82	http://purl.org/collections/nl/am/proxy-50523	http://purl.org/collections/nl/am/t-22503
83	http://purl.org/collections/nl/am/proxy-28809	http://purl.org/collections/nl/am/t-15579
84	http://purl.org/collections/nl/am/proxy-61116	http://purl.org/collections/nl/am/t-22503
85	http://purl.org/collections/nl/am/proxy-63674	http://purl.org/collections/nl/am/t-5504
86	http://purl.org/collections/nl/am/proxy-21487	http://purl.org/collections/nl/am/t-15579
87	http://purl.org/collections/nl/am/proxy-65535	http://purl.org/collections/nl/am/t-22503
88	http://purl.org/collections/nl/am/proxy-19690	http://purl.org/collections/nl/am/t-15459
89	http://purl.org/collections/nl/am/proxy-13765	http://purl.org/collections/nl/am/t-15606
90	http://purl.org/collections/nl/am/proxy-8706	http://purl.org/collections/nl/am/t-15606
91	http://purl.org/collections/nl/am/proxy-40732	http://purl.org/collections/nl/am/t-22505
92	http://purl.org/collections/nl/am/proxy-48842	http://purl.org/collections/nl/am/t-22505
93	http://purl.org/collections/nl/am/proxy-49305	http://purl.org/collections/nl/am/t-22504
94	http://purl.org/collections/nl/am/proxy-72015	http://purl.org/collections/nl/am/t-22503
95	http://purl.org/collections/nl/am/proxy-1325	http://purl.org/collections/nl/am/t-22503
96	http://purl.org/collections/nl/am/proxy-68630	http://purl.org/collections/nl/am/t-14592
97	http://purl.org/collections/nl/am/proxy-62185	http://purl.org/collections/nl/am/t-22505
98	http://purl.org/collections/nl/am/proxy-27009	http://purl.org/collections/nl/am/t-15459
99	http://purl.org/collections/nl/am/proxy-21603	http://purl.org/collections/nl/am/t-15459
100	http://purl.org/collections/nl/am/proxy-14263	http://purl.org/collections/nl/am/t-5504
101	http://purl.org/collections/nl/am/proxy-23640	http://purl.org/collections/nl/am/t-15579
102	http://purl.org/collections/nl/am/proxy-65598	http://purl.org/collections/nl/am/t-22503
103	http://purl.org/collections/nl/am/proxy-33278	http://purl.org/collections/nl/am/t-5504
104	http://purl.org/collections/nl/am/proxy-344	http://purl.org/collections/nl/am/t-22503
105	http://purl.org/collections/nl/am/proxy-57176	http://purl.org/collections/nl/am/t-22503
106	http://purl.org/collections/nl/am/proxy-7537	http://purl.org/collections/nl/am/t-15579
107	http://purl.org/collections/nl/am/proxy-45822	http://purl.org/collections/nl/am/t-14592
108	http://purl.org/collections/nl/am/proxy-41891	http://purl.org/collections/nl/am/t-22505
109	http://purl.org/collections/nl/am/proxy-47123	http://purl.org/collections/nl/am/t-5504
110	http://purl.org/collections/nl/am/proxy-50378	http://purl.org/collections/nl/am/t-22503
111	http://purl.org/collections/nl/am/proxy-65252	http://purl.org/collections/nl/am/t-22503
112	http://purl.org/collections/nl/am/proxy-74861	http://purl.org/collections/nl/am/t-5504
113	http://purl.org/collections/nl/am/proxy-42375	http://purl.org/collections/nl/am/t-22503
114	http://purl.org/collections/nl/am/proxy-9781	http://purl.org/collections/nl/am/t-5504
115	http://purl.org/collections/nl/am/proxy-31273	http://purl.org/collections/nl/am/t-5504
116	http://purl.org/collections/nl/am/proxy-7122	http://purl.org/collections/nl/am/t-15606
117	http://purl.org/collections/nl/am/proxy-54269	http://purl.org/collections/nl/am/t-22503
118	http://purl.org/collections/nl/am/proxy-32770	http://purl.org/collections/nl/am/t-22508
119	http://purl.org/collections/nl/am/proxy-5703	http://purl.org/collections/nl/am/t-22508
120	http://purl.org/collections/nl/am/proxy-28438	http://purl.org/collections/nl/am/t-15579
121	http://purl.org/collections/nl/am/proxy-31311	http://purl.org/collections/nl/am/t-5504
122	http://purl.org/collections/nl/am/proxy-24667	http://purl.org/collections/nl/am/t-22508
123	http://purl.org/collections/nl/am/proxy-72714	http://purl.org/collections/nl/am/t-22503
124	http://purl.org/collections/nl/am/proxy-41409	http://purl.org/collections/nl/am/t-22505
125	http://purl.org/collections/nl/am/proxy-8804	http://purl.org/collections/nl/am/t-15606
126	http://purl.org/collections/nl/am/proxy-60584	http://purl.org/collections/nl/am/t-22503
127	http://purl.org/collections/nl/am/proxy-43617	http://purl.org/collections/nl/am/t-22505
128	http://purl.org/collections/nl/am/proxy-47069	http://purl.org/collections/nl/am/t-22503
129	http://purl.org/collections/nl/am/proxy-38194	http://purl.org/collections/nl/am/t-22506
130	http://purl.org/collections/nl/am/proxy-46066	http://purl.org/collections/nl/am/t-14592
131	http://purl.org/collections/nl/am/proxy-39253	http://purl.org/collections/nl/am/t-22506
132	http://purl.org/collections/nl/am/proxy-41123	http://purl.org/collections/nl/am/t-22505
133	http://purl.org/collections/nl/am/proxy-39300	http://purl.org/collections/nl/am/t-22506
134	http://purl.org/collections/nl/am/proxy-49209	http://purl.org/collections/nl/am/t-22504
135	http://purl.org/collections/nl/am/proxy-12723	http://purl.org/collections/nl/am/t-22507
136	http://purl.org/collections/nl/am/proxy-52815	http://purl.org/collections/nl/am/t-22503
137	http://purl.org/collections/nl/am/proxy-9086	http://purl.org/collections/nl/am/t-15606
138	http://purl.org/collections/nl/am/proxy-74805	http://purl.org/collections/nl/am/t-5504
139	http://purl.org/collections/nl/am/proxy-9614	http://purl.org/collections/nl/am/t-15459
140	http://purl.org/collections/nl/am/proxy-39782	http://purl.org/collections/nl/am/t-22505
141	http://purl.org/collections/nl/am/proxy-16673	http://purl.org/collections/nl/am/t-15459
142	http://purl.org/collections/nl/am/proxy-70429	http://purl.org/collections/nl/am/t-22503
143	http://purl.org/collections/nl/am/proxy-23782	http://purl.org/collections/nl/am/t-15579
144	http://purl.org/collections/nl/am/proxy-16467	http://purl.org/collections/nl/am/t-15459
145	http://purl.org/collections/nl/am/proxy-55124	http://purl.org/collections/nl/am/t-22503
146	http://purl.org/collections/nl/am/proxy-46603	http://purl.org/collections/nl/am/t-22508
147	http://purl.org/collections/nl/am/proxy-55283	http://purl.org/collections/nl/am/t-22503
148	http://purl.org/collections/nl/am/proxy-52321	http://purl.org/collections/nl/am/t-22503
149	http://purl.org/collections/nl/am/proxy-57963	http://purl.org/collections/nl/am/t-22503
150	http://purl.org/collections/nl/am/proxy-42607	http://purl.org/collections/nl/am/t-22505
151	http://purl.org/collections/nl/am/proxy-11339	http://purl.org/collections/nl/am/t-15459
152	http://purl.org/collections/nl/am/proxy-61003	http://purl.org/collections/nl/am/t-22503
153	http://purl.org/collections/nl/am/proxy-12391	http://purl.org/collections/nl/am/t-15606
154	http://purl.org/collections/nl/am/proxy-7779	http://purl.org/collections/nl/am/t-15579
155	http://purl.org/collections/nl/am/proxy-15201	http://purl.org/collections/nl/am/t-5504
156	http://purl.org/collections/nl/am/proxy-12333	http://purl.org/collections/nl/am/t-15606
157	http://purl.org/collections/nl/am/proxy-62512	http://purl.org/collections/nl/am/t-22505
158	http://purl.org/collections/nl/am/proxy-50978	http://purl.org/collections/nl/am/t-22503
159	http://purl.org/collections/nl/am/proxy-13000	http://purl.org/collections/nl/am/t-15606
160	http://purl.org/collections/nl/am/proxy-65713	http://purl.org/collections/nl/am/t-22503
161	http://purl.org/collections/nl/am/proxy-73854	http://purl.org/collections/nl/am/t-15579
162	http://purl.org/collections/nl/am/proxy-71156	http://purl.org/collections/nl/am/t-22503
163	http://purl.org/collections/nl/am/proxy-67419	http://purl.org/collections/nl/am/t-15579
164	http://purl.org/collections/nl/am/proxy-11475	http://purl.org/collections/nl/am/t-5504
165	http://purl.org/collections/nl/am/proxy-57721	http://purl.org/collections/nl/am/t-22503
166	http://purl.org/collections/nl/am/proxy-62275	http://purl.org/collections/nl/am/t-22505
167	http://purl.org/collections/nl/am/proxy-40031	http://purl.org/collections/nl/am/t-22505
168	http://purl.org/collections/nl/am/proxy-69392	http://purl.org/collections/nl/am/t-22503
169	http://purl.org/collections/nl/am/proxy-61785	http://purl.org/collections/nl/am/t-22505
170	http://purl.org/collections/nl/am/proxy-7576	http://purl.org/collections/nl/am/t-15579
171	http://purl.org/collections/nl/am/proxy-46277	http://purl.org/collections/nl/am/t-14592
172	http://purl.org/collections/nl/am/proxy-71831	http://purl.org/collections/nl/am/t-22503
173	http://purl.org/collections/nl/am/proxy-46481	http://purl.org/collections/nl/am/t-22504
174	http://purl.org/collections/nl/am/proxy-18718	http://purl.org/collections/nl/am/t-15579
175	http://purl.org/collections/nl/am/proxy-68618	http://purl.org/collections/nl/am/t-14592
176	http://purl.org/collections/nl/am/proxy-11412	http://purl.org/collections/nl/am/t-15606
177	http://purl.org/collections/nl/am/proxy-20273	http://purl.org/collections/nl/am/t-15606
178	http://purl.org/collections/nl/am/proxy-61041	http://purl.org/collections/nl/am/t-22503
179	http://purl.org/collections/nl/am/proxy-62514	http://purl.org/collections/nl/am/t-22505
180	http://purl.org/collections/nl/am/proxy-72181	http://purl.org/collections/nl/am/t-22503
181	http://purl.org/collections/nl/am/proxy-56426	http://purl.org/collections/nl/am/t-22503
182	http://purl.org/collections/nl/am/proxy-15091	http://purl.org/collections/nl/am/t-5504
183	http://purl.org/collections/nl/am/proxy-39235	http://purl.org/collections/nl/am/t-22506
184	http://purl.org/collections/nl/am/proxy-57430	http://purl.org/collections/nl/am/t-22503
185	http://purl.org/collections/nl/am/proxy-54425	http://purl.org/collections/nl/am/t-22503
186	http://purl.org/collections/nl/am/proxy-10229	http://purl.org/collections/nl/am/t-22508
187	http://purl.org/collections/nl/am/proxy-61184	http://purl.org/collections/nl/am/t-22503
188	http://purl.org/collections/nl/am/proxy-60907	http://purl.org/collections/nl/am/t-22503
189	http://purl.org/collections/nl/am/proxy-62344	http://purl.org/collections/nl/am/t-22505
190	http://purl.org/collections/nl/am/proxy-3991	http://purl.org/collections/nl/am/t-22503
191	http://purl.org/collections/nl/am/proxy-19664	http://purl.org/collections/nl/am/t-15579
192	http://purl.org/collections/nl/am/proxy-2550	http://purl.org/collections/nl/am/t-22503
193	http://purl.org/collections/nl/am/proxy-47909	http://purl.org/collections/nl/am/t-22503
194	http://purl.org/collections/nl/am/proxy-52347	http://purl.org/collections/nl/am/t-22503
195	http://purl.org/collections/nl/am/proxy-61854	http://purl.org/collections/nl/am/t-22505
196	http://purl.org/collections/nl/am/proxy-43864	http://purl.org/collections/nl/am/t-22505
197	http://purl.org/collections/nl/am/proxy-53305	http://purl.org/collections/nl/am/t-22503
198	http://purl.org/collections/nl/am/proxy-13556	http://purl.org/collections/nl/am/t-22507
199	http://purl.org/collections/nl/am/proxy-14611	http://purl.org/collections/nl/am/t-5504
200	http://purl.org/collections/nl/am/proxy-33113	http://purl.org/collections/nl/am/t-15459
201	http://purl.org/collections/nl/am/proxy-64208	http://purl.org/collections/nl/am/t-15606
202	http://purl.org/collections/nl/am/proxy-67754	http://purl.org/collections/nl/am/t-14592
203	http://purl.org/collections/nl/am/proxy-16646	http://purl.org/collections/nl/am/t-15579
204	http://purl.org/collections/nl/am/proxy-7785	http://purl.org/collections/nl/am/t-15579
205	http://purl.org/collections/nl/am/proxy-60452	http://purl.org/collections/nl/am/t-22503
206	http://purl.org/collections/nl/am/proxy-13701	http://purl.org/collections/nl/am/t-5504
207	http://purl.org/collections/nl/am/proxy-31211	http://purl.org/collections/nl/am/t-15579
208	http://purl.org/collections/nl/am/proxy-66244	http://purl.org/collections/nl/am/t-14592
209	http://purl.org/collections/nl/am/proxy-24477	http://purl.org/collections/nl/am/t-15579
210	http://purl.org/collections/nl/am/proxy-57432	http://purl.org/collections/nl/am/t-22503
211	http://purl.org/collections/nl/am/proxy-8269	http://purl.org/collections/nl/am/t-15459
212	http://purl.org/collections/nl/am/proxy-3765	http://purl.org/collections/nl/am/t-22503
213	http://purl.org/collections/nl/am/proxy-24376	http://purl.org/collections/nl/am/t-5504
214	http://purl.org/collections/nl/am/proxy-29699	http://purl.org/collections/nl/am/t-15579
215	http://purl.org/collections/nl/am/proxy-2653	http://purl.org/collections/nl/am/t-22503
216	http://purl.org/collections/nl/am/proxy-426	http://purl.org/collections/nl/am/t-22503
217	http://purl.org/collections/nl/am/proxy-68183	http://purl.org/collections/nl/am/t-14592
218	http://purl.org/collections/nl/am/proxy-16782	http://purl.org/collections/nl/am/t-5504
219	http://purl.org/collections/nl/am/proxy-4274	http://purl.org/collections/nl/am/t-22503
220	http://purl.org/collections/nl/am/proxy-61755	http://purl.org/collections/nl/am/t-22503
221	http://purl.org/collections/nl/am/proxy-71788	http://purl.org/collections/nl/am/t-22503
222	http://purl.org/collections/nl/am/proxy-53545	http://purl.org/collections/nl/am/t-22503
223	http://purl.org/collections/nl/am/proxy-47497	http://purl.org/collections/nl/am/t-5504
224	http://purl.org/collections/nl/am/proxy-8980	http://purl.org/collections/nl/am/t-15606
225	http://purl.org/collections/nl/am/proxy-40607	http://purl.org/collections/nl/am/t-22505
226	http://purl.org/collections/nl/am/proxy-6199	http://purl.org/collections/nl/am/t-22505
227	http://purl.org/collections/nl/am/proxy-63200	http://purl.org/collections/nl/am/t-22503
228	http://purl.org/collections/nl/am/proxy-33046	http://purl.org/collections/nl/am/t-22507
229	http://purl.org/collections/nl/am/proxy-831	http://purl.org/collections/nl/am/t-22503
230	http://purl.org/collections/nl/am/proxy-30297	http://purl.org/collections/nl/am/t-15579
231	http://purl.org/collections/nl/am/proxy-42392	http://purl.org/collections/nl/am/t-22505
232	http://purl.org/collections/nl/am/proxy-11620	http://purl.org/collections/nl/am/t-22508
233	http://purl.org/collections/nl/am/proxy-51522	http://purl.org/collections/nl/am/t-22503
234	http://purl.org/collections/nl/am/proxy-42920	http://purl.org/collections/nl/am/t-22505
235	http://purl.org/collections/nl/am/proxy-68502	http://purl.org/collections/nl/am/t-14592
236	http://purl.org/collections/nl/am/proxy-53063	http://purl.org/collections/nl/am/t-22503
237	http://purl.org/collections/nl/am/proxy-39894	http://purl.org/collections/nl/am/t-22505
238	http://purl.org/collections/nl/am/proxy-30414	http://purl.org/collections/nl/am/t-15579
239	http://purl.org/collections/nl/am/proxy-65086	http://purl.org/collections/nl/am/t-22503
240	http://purl.org/collections/nl/am/proxy-29255	http://purl.org/collections/nl/am/t-15579
241	http://purl.org/collections/nl/am/proxy-30450	http://purl.org/collections/nl/am/t-15459
242	http://purl.org/collections/nl/am/proxy-69814	http://purl.org/collections/nl/am/t-22503
243	http://purl.org/collections/nl/am/proxy-50739	http://purl.org/collections/nl/am/t-22504
244	http://purl.org/collections/nl/am/proxy-59499	http://purl.org/collections/nl/am/t-22503
245	http://purl.org/collections/nl/am/proxy-62485	http://purl.org/collections/nl/am/t-22505
246	http://purl.org/collections/nl/am/proxy-42844	http://purl.org/collections/nl/am/t-22505
247	http://purl.org/collections/nl/am/proxy-4757	http://purl.org/collections/nl/am/t-22507
248	http://purl.org/collections/nl/am/proxy-37755	http://purl.org/collections/nl/am/t-22506
249	http://purl.org/collections/nl/am/proxy-37981	http://purl.org/collections/nl/am/t-22506
250	http://purl.org/collections/nl/am/proxy-12669	http://purl.org/collections/nl/am/t-15606
251	http://purl.org/collections/nl/am/proxy-70	http://purl.org/collections/nl/am/t-22503
252	http://purl.org/collections/nl/am/proxy-65368	http://purl.org/collections/nl/am/t-22503
253	http://purl.org/collections/nl/am/proxy-50281	http://purl.org/collections/nl/am/t-22503
254	http://purl.org/collections/nl/am/proxy-12187	http://purl.org/collections/nl/am/t-5504
255	http://purl.org/collections/nl/am/proxy-45880	http://purl.org/collections/nl/am/t-14592
256	http://purl.org/collections/nl/am/proxy-47948	http://purl.org/collections/nl/am/t-22503
257	http://purl.org/collections/nl/am/proxy-38275	http://purl.org/collections/nl/am/t-22506
258	http://purl.org/collections/nl/am/proxy-51297	http://purl.org/collections/nl/am/t-22503
259	http://purl.org/collections/nl/am/proxy-21338	http://purl.org/collections/nl/am/t-15579
260	http://purl.org/collections/nl/am/proxy-37926	http://purl.org/collections/nl/am/t-22506
261	http://purl.org/collections/nl/am/proxy-60660	http://purl.org/collections/nl/am/t-22503
262	http://purl.org/collections/nl/am/proxy-53031	http://purl.org/collections/nl/am/t-22503
263	http://purl.org/collections/nl/am/proxy-71900	http://purl.org/collections/nl/am/t-22503
264	http://purl.org/collections/nl/am/proxy-14204	http://purl.org/collections/nl/am/t-5504
265	http://purl.org/collections/nl/am/proxy-113	http://purl.org/collections/nl/am/t-22503
266	http://purl.org/collections/nl/am/proxy-57187	http://purl.org/collections/nl/am/t-22503
267	http://purl.org/collections/nl/am/proxy-24459	http://purl.org/collections/nl/am/t-5504
268	http://purl.org/collections/nl/am/proxy-57402	http://purl.org/collections/nl/am/t-22503
269	http://purl.org/collections/nl/am/proxy-49753	http://purl.org/collections/nl/am/t-22503
270	http://purl.org/collections/nl/am/proxy-26166	http://purl.org/collections/nl/am/t-15579
271	http://purl.org/collections/nl/am/proxy-29537	http://purl.org/collections/nl/am/t-5504
272	http://purl.org/collections/nl/am/proxy-14754	http://purl.org/collections/nl/am/t-15606
273	http://purl.org/collections/nl/am/proxy-599	http://purl.org/collections/nl/am/t-22503
274	http://purl.org/collections/nl/am/proxy-4651	http://purl.org/collections/nl/am/t-22507
275	http://purl.org/collections/nl/am/proxy-28914	http://purl.org/collections/nl/am/t-15579
276	http://purl.org/collections/nl/am/proxy-58106	http://purl.org/collections/nl/am/t-22503
277	http://purl.org/collections/nl/am/proxy-57405	http://purl.org/collections/nl/am/t-22503
278	http://purl.org/collections/nl/am/proxy-2876	http://purl.org/collections/nl/am/t-22503
279	http://purl.org/collections/nl/am/proxy-60914	http://purl.org/collections/nl/am/t-22503
280	http://purl.org/collections/nl/am/proxy-12088	http://purl.org/collections/nl/am/t-22508
281	http://purl.org/collections/nl/am/proxy-40179	http://purl.org/collections/nl/am/t-22505
282	http://purl.org/collections/nl/am/proxy-61633	http://purl.org/collections/nl/am/t-22503
283	http://purl.org/collections/nl/am/proxy-19173	http://purl.org/collections/nl/am/t-15579
284	http://purl.org/collections/nl/am/proxy-1815	http://purl.org/collections/nl/am/t-22503
285	http://purl.org/collections/nl/am/proxy-67863	http://purl.org/collections/nl/am/t-14592
286	http://purl.org/collections/nl/am/proxy-52665	http://purl.org/collections/nl/am/t-22503
287	http://purl.org/collections/nl/am/proxy-64709	http://purl.org/collections/nl/am/t-15579
288	http://purl.org/collections/nl/am/proxy-7859	http://purl.org/collections/nl/am/t-15579
289	http://purl.org/collections/nl/am/proxy-54875	http://purl.org/collections/nl/am/t-22503
290	http://purl.org/collections/nl/am/proxy-38978	http://purl.org/collections/nl/am/t-22506
291	http://purl.org/collections/nl/am/proxy-4620	http://purl.org/collections/nl/am/t-22507
292	http://purl.org/collections/nl/am/proxy-1879	http://purl.org/collections/nl/am/t-22503
293	http://purl.org/collections/nl/am/proxy-27886	http://purl.org/collections/nl/am/t-15579
294	http://purl.org/collections/nl/am/proxy-49238	http://purl.org/collections/nl/am/t-22504
295	http://purl.org/collections/nl/am/proxy-59859	http://purl.org/collections/nl/am/t-22503
296	http://purl.org/collections/nl/am/proxy-40427	http://purl.org/collections/nl/am/t-22505
297	http://purl.org/collections/nl/am/proxy-65207	http://purl.org/collections/nl/am/t-22503
298	http://purl.org/collections/nl/am/proxy-26427	http://purl.org/collections/nl/am/t-15459
299	http://purl.org/collections/nl/am/proxy-56813	http://purl.org/collections/nl/am/t-22503
300	http://purl.org/collections/nl/am/proxy-29563	http://purl.org/collections/nl/am/t-5504
301	http://purl.org/collections/nl/am/proxy-69123	http://purl.org/collections/nl/am/t-22503
302	http://purl.org/collections/nl/am/proxy-28266	http://purl.org/collections/nl/am/t-5504
303	http://purl.org/collections/nl/am/proxy-59052	http://purl.org/collections/nl/am/t-22503
304	http://purl.org/collections/nl/am/proxy-63408	http://purl.org/collections/nl/am/t-22503
305	http://purl.org/collections/nl/am/proxy-71686	http://purl.org/collections/nl/am/t-22503
306	http://purl.org/collections/nl/am/proxy-51136	http://purl.org/collections/nl/am/t-22503
307	http://purl.org/collections/nl/am/proxy-14726	http://purl.org/collections/nl/am/t-15606
308	http://purl.org/collections/nl/am/proxy-33177	http://purl.org/collections/nl/am/t-5504
309	http://purl.org/collections/nl/am/proxy-22271	http://purl.org/collections/nl/am/t-15579
310	http://purl.org/collections/nl/am/proxy-1188	http://purl.org/collections/nl/am/t-22503
311	http://purl.org/collections/nl/am/proxy-41751	http://purl.org/collections/nl/am/t-22505
312	http://purl.org/collections/nl/am/proxy-21222	http://purl.org/collections/nl/am/t-15579
313	http://purl.org/collections/nl/am/proxy-71310	http://purl.org/collections/nl/am/t-22503
314	http://purl.org/collections/nl/am/proxy-7471	http://purl.org/collections/nl/am/t-15579
315	http://purl.org/collections/nl/am/proxy-33306	http://purl.org/collections/nl/am/t-5504
316	http://purl.org/collections/nl/am/proxy-44814	http://purl.org/collections/nl/am/t-5504
317	http://purl.org/collections/nl/am/proxy-47364	http://purl.org/collections/nl/am/t-5504
318	http://purl.org/collections/nl/am/proxy-60955	http://purl.org/collections/nl/am/t-22503
319	http://purl.org/collections/nl/am/proxy-51965	http://purl.org/collections/nl/am/t-22503
320	http://purl.org/collections/nl/am/proxy-21787	http://purl.org/collections/nl/am/t-15579
321	http://purl.org/collections/nl/am/proxy-45728	http://purl.org/collections/nl/am/t-14592
322	http://purl.org/collections/nl/am/proxy-42019	http://purl.org/collections/nl/am/t-22505
323	http://purl.org/collections/nl/am/proxy-4140	http://purl.org/collections/nl/am/t-22503
324	http://purl.org/collections/nl/am/proxy-69639	http://purl.org/collections/nl/am/t-22503
325	http://purl.org/collections/nl/am/proxy-18988	http://purl.org/collections/nl/am/t-15606
326	http://purl.org/collections/nl/am/proxy-29638	http://purl.org/collections/nl/am/t-15579
327	http://purl.org/collections/nl/am/proxy-62353	http://purl.org/collections/nl/am/t-22505
328	http://purl.org/collections/nl/am/proxy-12252	http://purl.org/collections/nl/am/t-15606
329	http://purl.org/collections/nl/am/proxy-3141	http://purl.org/collections/nl/am/t-22503
330	http://purl.org/collections/nl/am/proxy-16537	http://purl.org/collections/nl/am/t-5504
331	http://purl.org/collections/nl/am/proxy-64274	http://purl.org/collections/nl/am/t-22505
332	http://purl.org/collections/nl/am/proxy-70170	http://purl.org/collections/nl/am/t-22503
333	http://purl.org/collections/nl/am/proxy-49279	http://purl.org/collections/nl/am/t-22504
334	http://purl.org/collections/nl/am/proxy-73450	http://purl.org/collections/nl/am/t-22505
335	http://purl.org/collections/nl/am/proxy-32873	http://purl.org/collections/nl/am/t-22508
336	http://purl.org/collections/nl/am/proxy-12925	http://purl.org/collections/nl/am/t-15606
337	http://purl.org/collections/nl/am/proxy-73864	http://purl.org/collections/nl/am/t-15606
338	http://purl.org/collections/nl/am/proxy-21649	http://purl.org/collections/nl/am/t-15579
339	http://purl.org/collections/nl/am/proxy-3533	http://purl.org/collections/nl/am/t-22503
340	http://purl.org/collections/nl/am/proxy-51094	http://purl.org/collections/nl/am/t-22503
341	http://purl.org/collections/nl/am/proxy-10235	http://purl.org/collections/nl/am/t-22508
342	http://purl.org/collections/nl/am/proxy-14020	http://purl.org/collections/nl/am/t-5504
343	http://purl.org/collections/nl/am/proxy-50696	http://purl.org/collections/nl/am/t-22504
344	http://purl.org/collections/nl/am/proxy-14720	http://purl.org/collections/nl/am/t-15606
345	http://purl.org/collections/nl/am/proxy-72156	http://purl.org/collections/nl/am/t-22503
346	http://purl.org/collections/nl/am/proxy-50674	http://purl.org/collections/nl/am/t-22506
347	http://purl.org/collections/nl/am/proxy-47409	http://purl.org/collections/nl/am/t-5504
348	http://purl.org/collections/nl/am/proxy-23404	http://purl.org/collections/nl/am/t-22508
349	http://purl.org/collections/nl/am/proxy-58525	http://purl.org/collections/nl/am/t-5504
350	http://purl.org/collections/nl/am/proxy-73766	http://purl.org/collections/nl/am/t-15579
351	http://purl.org/collections/nl/am/proxy-51690	http://purl.org/collections/nl/am/t-22503
352	http://purl.org/collections/nl/am/proxy-71028	http://purl.org/collections/nl/am/t-22503
353	http://purl.org/collections/nl/am/proxy-50433	http://purl.org/collections/nl/am/t-22503
354	http://purl.org/collections/nl/am/proxy-1882	http://purl.org/collections/nl/am/t-22503
355	http://purl.org/collections/nl/am/proxy-13944	http://purl.org/collections/nl/am/t-15459
356	http://purl.org/collections/nl/am/proxy-53658	http://purl.org/collections/nl/am/t-22503
357	http://purl.org/collections/nl/am/proxy-2264	http://purl.org/collections/nl/am/t-22503
358	http://purl.org/collections/nl/am/proxy-52174	http://purl.org/collections/nl/am/t-22503
359	http://purl.org/collections/nl/am/proxy-32169	http://purl.org/collections/nl/am/t-15579
360	http://purl.org/collections/nl/am/proxy-3042	http://purl.org/collections/nl/am/t-22503
361	http://purl.org/collections/nl/am/proxy-28291	http://purl.org/collections/nl/am/t-5504
362	http://purl.org/collections/nl/am/proxy-10291	http://purl.org/collections/nl/am/t-22508
363	http://purl.org/collections/nl/am/proxy-26353	http://purl.org/collections/nl/am/t-15459
364	http://purl.org/collections/nl/am/proxy-10237	http://purl.org/collections/nl/am/t-22508
365	http://purl.org/collections/nl/am/proxy-19559	http://purl.org/collections/nl/am/t-15579
366	http://purl.org/collections/nl/am/proxy-30068	http://purl.org/collections/nl/am/t-5504
367	http://purl.org/collections/nl/am/proxy-9314	http://purl.org/collections/nl/am/t-5504
368	http://purl.org/collections/nl/am/proxy-71944	http://purl.org/collections/nl/am/t-22503
369	http://purl.org/collections/nl/am/proxy-10683	http://purl.org/collections/nl/am/t-22508
370	http://purl.org/collections/nl/am/proxy-20694	http://purl.org/collections/nl/am/t-15606
371	http://purl.org/collections/nl/am/proxy-361	http://purl.org/collections/nl/am/t-22503
372	http://purl.org/collections/nl/am/proxy-53214	http://purl.org/collections/nl/am/t-22503
373	http://purl.org/collections/nl/am/proxy-24843	http://purl.org/collections/nl/am/t-15459
374	http://purl.org/collections/nl/am/proxy-6634	http://purl.org/collections/nl/am/t-15606
375	http://purl.org/collections/nl/am/proxy-51692	http://purl.org/collections/nl/am/t-22503
376	http://purl.org/collections/nl/am/proxy-39111	http://purl.org/collections/nl/am/t-22506
377	http://purl.org/collections/nl/am/proxy-48025	http://purl.org/collections/nl/am/t-15579
378	http://purl.org/collections/nl/am/proxy-68367	http://purl.org/collections/nl/am/t-14592
379	http://purl.org/collections/nl/am/proxy-28589	http://purl.org/collections/nl/am/t-22508
380	http://purl.org/collections/nl/am/proxy-20665	http://purl.org/collections/nl/am/t-15459
381	http://purl.org/collections/nl/am/proxy-32577	http://purl.org/collections/nl/am/t-15606
382	http://purl.org/collections/nl/am/proxy-53797	http://purl.org/collections/nl/am/t-22503
383	http://purl.org/collections/nl/am/proxy-8282	http://purl.org/collections/nl/am/t-22507
384	http://purl.org/collections/nl/am/proxy-31368	http://purl.org/collections/nl/am/t-15579
385	http://purl.org/collections/nl/am/proxy-14122	http://purl.org/collections/nl/am/t-5504
386	http://purl.org/collections/nl/am/proxy-33399	http://purl.org/collections/nl/am/t-14592
387	http://purl.org/collections/nl/am/proxy-14990	http://purl.org/collections/nl/am/t-5504
388	http://purl.org/collections/nl/am/proxy-55482	http://purl.org/collections/nl/am/t-22503
389	http://purl.org/collections/nl/am/proxy-26557	http://purl.org/collections/nl/am/t-15459
390	http://purl.org/collections/nl/am/proxy-72236	http://purl.org/collections/nl/am/t-22503
391	http://purl.org/collections/nl/am/proxy-24878	http://purl.org/collections/nl/am/t-22508
392	http://purl.org/collections/nl/am/proxy-71554	http://purl.org/collections/nl/am/t-22503
393	http://purl.org/collections/nl/am/proxy-32877	http://purl.org/collections/nl/am/t-22508
394	http://purl.org/collections/nl/am/proxy-66220	http://purl.org/collections/nl/am/t-14592
395	http://purl.org/collections/nl/am/proxy-28663	http://purl.org/collections/nl/am/t-5504
396	http://purl.org/collections/nl/am/proxy-41263	http://purl.org/collections/nl/am/t-22505
397	http://purl.org/collections/nl/am/proxy-20905	http://purl.org/collections/nl/am/t-15459
398	http://purl.org/collections/nl/am/proxy-30688	http://purl.org/collections/nl/am/t-22508
399	http://purl.org/collections/nl/am/proxy-5779	http://purl.org/collections/nl/am/t-22506
400	http://purl.org/collections/nl/am/proxy-73268	http://purl.org/collections/nl/am/t-14592
401	http://purl.org/collections/nl/am/proxy-47866	http://purl.org/collections/nl/am/t-5504
402	http://purl.org/collections/nl/am/proxy-57360	http://purl.org/collections/nl/am/t-22503
403	http://purl.org/collections/nl/am/proxy-67057	http://purl.org/collections/nl/am/t-5504
404	http://purl.org/collections/nl/am/proxy-69371	http://purl.org/collections/nl/am/t-22503
405	http://purl.org/collections/nl/am/proxy-20871	http://purl.org/collections/nl/am/t-5504
406	http://purl.org/collections/nl/am/proxy-28421	http://purl.org/collections/nl/am/t-15579
407	http://purl.org/collections/nl/am/proxy-21334	http://purl.org/collections/nl/am/t-15579
408	http://purl.org/collections/nl/am/proxy-32031	http://purl.org/collections/nl/am/t-15579
409	http://purl.org/collections/nl/am/proxy-51002	http://purl.org/collections/nl/am/t-22503
410	http://purl.org/collections/nl/am/proxy-28273	http://purl.org/collections/nl/am/t-15579
411	http://purl.org/collections/nl/am/proxy-38768	http://purl.org/collections/nl/am/t-22506
412	http://purl.org/collections/nl/am/proxy-56565	http://purl.org/collections/nl/am/t-22503
413	http://purl.org/collections/nl/am/proxy-24395	http://purl.org/collections/nl/am/t-22508
414	http://purl.org/collections/nl/am/proxy-14672	http://purl.org/collections/nl/am/t-15606
415	http://purl.org/collections/nl/am/proxy-33043	http://purl.org/collections/nl/am/t-15579
416	http://purl.org/collections/nl/am/proxy-44922	http://purl.org/collections/nl/am/t-14592
417	http://purl.org/collections/nl/am/proxy-65062	http://purl.org/collections/nl/am/t-22503
418	http://purl.org/collections/nl/am/proxy-11299	http://purl.org/collections/nl/am/t-5504
419	http://purl.org/collections/nl/am/proxy-27177	http://purl.org/collections/nl/am/t-15606
420	http://purl.org/collections/nl/am/proxy-62459	http://purl.org/collections/nl/am/t-22505
421	http://purl.org/collections/nl/am/proxy-30838	http://purl.org/collections/nl/am/t-15606
422	http://purl.org/collections/nl/am/proxy-51236	http://purl.org/collections/nl/am/t-22503
423	http://purl.org/collections/nl/am/proxy-42785	http://purl.org/collections/nl/am/t-22505
424	http://purl.org/collections/nl/am/proxy-40172	http://purl.org/collections/nl/am/t-22505
425	http://purl.org/collections/nl/am/proxy-28193	http://purl.org/collections/nl/am/t-15579
426	http://purl.org/collections/nl/am/proxy-64635	http://purl.org/collections/nl/am/t-22508
427	http://purl.org/collections/nl/am/proxy-58242	http://purl.org/collections/nl/am/t-22503
428	http://purl.org/collections/nl/am/proxy-46429	http://purl.org/collections/nl/am/t-22504
429	http://purl.org/collections/nl/am/proxy-7339	http://purl.org/collections/nl/am/t-15606
430	http://purl.org/collections/nl/am/proxy-33252	http://purl.org/collections/nl/am/t-15579
431	http://purl.org/collections/nl/am/proxy-72859	http://purl.org/collections/nl/am/t-22504
432	http://purl.org/collections/nl/am/proxy-32841	http://purl.org/collections/nl/am/t-22508
433	http://purl.org/collections/nl/am/proxy-40424	http://purl.org/collections/nl/am/t-22505
434	http://purl.org/collections/nl/am/proxy-41588	http://purl.org/collections/nl/am/t-22505
435	http://purl.org/collections/nl/am/proxy-18545	http://purl.org/collections/nl/am/t-15579
436	http://purl.org/collections/nl/am/proxy-20039	http://purl.org/collections/nl/am/t-15579
437	http://purl.org/collections/nl/am/proxy-6839	http://purl.org/collections/nl/am/t-15606
438	http://purl.org/collections/nl/am/proxy-75035	http://purl.org/collections/nl/am/t-5504
439	http://purl.org/collections/nl/am/proxy-58101	http://purl.org/collections/nl/am/t-22503
440	http://purl.org/collections/nl/am/proxy-38970	http://purl.org/collections/nl/am/t-22506
441	http://purl.org/collections/nl/am/proxy-58972	http://purl.org/collections/nl/am/t-22503
442	http://purl.org/collections/nl/am/proxy-66400	http://purl.org/collections/nl/am/t-22508
443	http://purl.org/collections/nl/am/proxy-73737	http://purl.org/collections/nl/am/t-15579
444	http://purl.org/collections/nl/am/proxy-15913	http://purl.org/collections/nl/am/t-5504
445	http://purl.org/collections/nl/am/proxy-74849	http://purl.org/collections/nl/am/t-5504
446	http://purl.org/collections/nl/am/proxy-24695	http://purl.org/collections/nl/am/t-15579
447	http://purl.org/collections/nl/am/proxy-24774	http://purl.org/collections/nl/am/t-5504
448	http://purl.org/collections/nl/am/proxy-46073	http://purl.org/collections/nl/am/t-14592
449	http://purl.org/collections/nl/am/proxy-48850	http://purl.org/collections/nl/am/t-22505
450	http://purl.org/collections/nl/am/proxy-33401	http://purl.org/collections/nl/am/t-14592
451	http://purl.org/collections/nl/am/proxy-69398	http://purl.org/collections/nl/am/t-22503
452	http://purl.org/collections/nl/am/proxy-711	http://purl.org/collections/nl/am/t-22503
453	http://purl.org/collections/nl/am/proxy-1713	http://purl.org/collections/nl/am/t-22503
454	http://purl.org/collections/nl/am/proxy-59474	http://purl.org/collections/nl/am/t-22503
455	http://purl.org/collections/nl/am/proxy-32442	http://purl.org/collections/nl/am/t-15606
456	http://purl.org/collections/nl/am/proxy-31224	http://purl.org/collections/nl/am/t-22508
457	http://purl.org/collections/nl/am/proxy-27017	http://purl.org/collections/nl/am/t-15459
458	http://purl.org/collections/nl/am/proxy-5785	http://purl.org/collections/nl/am/t-5504
459	http://purl.org/collections/nl/am/proxy-5504	http://purl.org/collections/nl/am/t-22508
460	http://purl.org/collections/nl/am/proxy-57863	http://purl.org/collections/nl/am/t-22503
461	http://purl.org/collections/nl/am/proxy-33117	http://purl.org/collections/nl/am/t-15459
462	http://purl.org/collections/nl/am/proxy-6363	http://purl.org/collections/nl/am/t-22504
463	http://purl.org/collections/nl/am/proxy-57867	http://purl.org/collections/nl/am/t-22503
464	http://purl.org/collections/nl/am/proxy-66813	http://purl.org/collections/nl/am/t-22508
465	http://purl.org/collections/nl/am/proxy-48192	http://purl.org/collections/nl/am/t-15606
466	http://purl.org/collections/nl/am/proxy-607	http://purl.org/collections/nl/am/t-22503
467	http://purl.org/collections/nl/am/proxy-11692	http://purl.org/collections/nl/am/t-22508
468	http://purl.org/collections/nl/am/proxy-15776	http://purl.org/collections/nl/am/t-5504
469	http://purl.org/collections/nl/am/proxy-26048	http://purl.org/collections/nl/am/t-5504
470	http://purl.org/collections/nl/am/proxy-11209	http://purl.org/collections/nl/am/t-15459
471	http://purl.org/collections/nl/am/proxy-28032	http://purl.org/collections/nl/am/t-5504
472	http://purl.org/collections/nl/am/proxy-9203	http://purl.org/collections/nl/am/t-5504
473	http://purl.org/collections/nl/am/proxy-65937	http://purl.org/collections/nl/am/t-22503
474	http://purl.org/collections/nl/am/proxy-70401	http://purl.org/collections/nl/am/t-22503
475	http://purl.org/collections/nl/am/proxy-73739	http://purl.org/collections/nl/am/t-15579
476	http://purl.org/collections/nl/am/proxy-38778	http://purl.org/collections/nl/am/t-22506
477	http://purl.org/collections/nl/am/proxy-53420	http://purl.org/collections/nl/am/t-22503
478	http://purl.org/collections/nl/am/proxy-60949	http://purl.org/collections/nl/am/t-22503
479	http://purl.org/collections/nl/am/proxy-59936	http://purl.org/collections/nl/am/t-22503
480	http://purl.org/collections/nl/am/proxy-48856	http://purl.org/collections/nl/am/t-22505
481	http://purl.org/collections/nl/am/proxy-25342	http://purl.org/collections/nl/am/t-22508
482	http://purl.org/collections/nl/am/proxy-63546	http://purl.org/collections/nl/am/t-5504
483	http://purl.org/collections/nl/am/proxy-3128	http://purl.org/collections/nl/am/t-5504
484	http://purl.org/collections/nl/am/proxy-41372	http://purl.org/collections/nl/am/t-22505
485	http://purl.org/collections/nl/am/proxy-68234	http://purl.org/collections/nl/am/t-14592
486	http://purl.org/collections/nl/am/proxy-27281	http://purl.org/collections/nl/am/t-15606
487	http://purl.org/collections/nl/am/proxy-1165	http://purl.org/collections/nl/am/t-22503
488	http://purl.org/collections/nl/am/proxy-55167	http://purl.org/collections/nl/am/t-22503
489	http://purl.org/collections/nl/am/proxy-32242	http://purl.org/collections/nl/am/t-15579
490	http://purl.org/collections/nl/am/proxy-29152	http://purl.org/collections/nl/am/t-5504
491	http://purl.org/collections/nl/am/proxy-50074	http://purl.org/collections/nl/am/t-22503
492	http://purl.org/collections/nl/am/proxy-43768	http://purl.org/collections/nl/am/t-22505
493	http://purl.org/collections/nl/am/proxy-63581	http://purl.org/collections/nl/am/t-22505
494	http://purl.org/collections/nl/am/proxy-38873	http://purl.org/collections/nl/am/t-22506
495	http://purl.org/collections/nl/am/proxy-6946	http://purl.org/collections/nl/am/t-15606
496	http://purl.org/collections/nl/am/proxy-50387	http://purl.org/collections/nl/am/t-22503
497	http://purl.org/collections/nl/am/proxy-57517	http://purl.org/collections/nl/am/t-22503
498	http://purl.org/collections/nl/am/proxy-55653	http://purl.org/collections/nl/am/t-22503
499	http://purl.org/collections/nl/am/proxy-42399	http://purl.org/collections/nl/am/t-22505
500	http://purl.org/collections/nl/am/proxy-9269	http://purl.org/collections/nl/am/t-5504
501	http://purl.org/collections/nl/am/proxy-10311	http://purl.org/collections/nl/am/t-22508
502	http://purl.org/collections/nl/am/proxy-10105	http://purl.org/collections/nl/am/t-22508
503	http://purl.org/collections/nl/am/proxy-53814	http://purl.org/collections/nl/am/t-22503
504	http://purl.org/collections/nl/am/proxy-38539	http://purl.org/collections/nl/am/t-22506
505	http://purl.org/collections/nl/am/proxy-42291	http://purl.org/collections/nl/am/t-22503
506	http://purl.org/collections/nl/am/proxy-52182	http://purl.org/collections/nl/am/t-22503
507	http://purl.org/collections/nl/am/proxy-63054	http://purl.org/collections/nl/am/t-22503
508	http://purl.org/collections/nl/am/proxy-30605	http://purl.org/collections/nl/am/t-15606
509	http://purl.org/collections/nl/am/proxy-37413	http://purl.org/collections/nl/am/t-22506
510	http://purl.org/collections/nl/am/proxy-9232	http://purl.org/collections/nl/am/t-5504
511	http://purl.org/collections/nl/am/proxy-10555	http://purl.org/collections/nl/am/t-22508
512	http://purl.org/collections/nl/am/proxy-60037	http://purl.org/collections/nl/am/t-22503
513	http://purl.org/collections/nl/am/proxy-72105	http://purl.org/collections/nl/am/t-22503
514	http://purl.org/collections/nl/am/proxy-42984	http://purl.org/collections/nl/am/t-22505
515	http://purl.org/collections/nl/am/proxy-32621	http://purl.org/collections/nl/am/t-15606
516	http://purl.org/collections/nl/am/proxy-2856	http://purl.org/collections/nl/am/t-22503
517	http://purl.org/collections/nl/am/proxy-7156	http://purl.org/collections/nl/am/t-15606
518	http://purl.org/collections/nl/am/proxy-23306	http://purl.org/collections/nl/am/t-15579
519	http://purl.org/collections/nl/am/proxy-51193	http://purl.org/collections/nl/am/t-22503
520	http://purl.org/collections/nl/am/proxy-58502	http://purl.org/collections/nl/am/t-22503
521	http://purl.org/collections/nl/am/proxy-13048	http://purl.org/collections/nl/am/t-15606
522	http://purl.org/collections/nl/am/proxy-46937	http://purl.org/collections/nl/am/t-15579
523	http://purl.org/collections/nl/am/proxy-45168	http://purl.org/collections/nl/am/t-14592
524	http://purl.org/collections/nl/am/proxy-31991	http://purl.org/collections/nl/am/t-15579
525	http://purl.org/collections/nl/am/proxy-65864	http://purl.org/collections/nl/am/t-22503
526	http://purl.org/collections/nl/am/proxy-52252	http://purl.org/collections/nl/am/t-22503
527	http://purl.org/collections/nl/am/proxy-21169	http://purl.org/collections/nl/am/t-15579
528	http://purl.org/collections/nl/am/proxy-69025	http://purl.org/collections/nl/am/t-14592
529	http://purl.org/collections/nl/am/proxy-3908	http://purl.org/collections/nl/am/t-22503
530	http://purl.org/collections/nl/am/proxy-32092	http://purl.org/collections/nl/am/t-15579
531	http://purl.org/collections/nl/am/proxy-57908	http://purl.org/collections/nl/am/t-22503
532	http://purl.org/collections/nl/am/proxy-50057	http://purl.org/collections/nl/am/t-22503
533	http://purl.org/collections/nl/am/proxy-47871	http://purl.org/collections/nl/am/t-22503
534	http://purl.org/collections/nl/am/proxy-54775	http://purl.org/collections/nl/am/t-22503
535	http://purl.org/collections/nl/am/proxy-60988	http://purl.org/collections/nl/am/t-22503
536	http://purl.org/collections/nl/am/proxy-66887	http://purl.org/collections/nl/am/t-5504
537	http://purl.org/collections/nl/am/proxy-8668	http://purl.org/collections/nl/am/t-15606
538	http://purl.org/collections/nl/am/proxy-67249	http://purl.org/collections/nl/am/t-15459
539	http://purl.org/collections/nl/am/proxy-57875	http://purl.org/collections/nl/am/t-22503
540	http://purl.org/collections/nl/am/proxy-14620	http://purl.org/collections/nl/am/t-15606
541	http://purl.org/collections/nl/am/proxy-24540	http://purl.org/collections/nl/am/t-5504
542	http://purl.org/collections/nl/am/proxy-28928	http://purl.org/collections/nl/am/t-15579
543	http://purl.org/collections/nl/am/proxy-19234	http://purl.org/collections/nl/am/t-5504
544	http://purl.org/collections/nl/am/proxy-20327	http://purl.org/collections/nl/am/t-15579
545	http://purl.org/collections/nl/am/proxy-1052	http://purl.org/collections/nl/am/t-22503
546	http://purl.org/collections/nl/am/proxy-70623	http://purl.org/collections/nl/am/t-22503
547	http://purl.org/collections/nl/am/proxy-69063	http://purl.org/collections/nl/am/t-15579
548	http://purl.org/collections/nl/am/proxy-14965	http://purl.org/collections/nl/am/t-5504
549	http://purl.org/collections/nl/am/proxy-16550	http://purl.org/collections/nl/am/t-15606
550	http://purl.org/collections/nl/am/proxy-23736	http://purl.org/collections/nl/am/t-15579
551	http://purl.org/collections/nl/am/proxy-4007	http://purl.org/collections/nl/am/t-22503
552	http://purl.org/collections/nl/am/proxy-64504	http://purl.org/collections/nl/am/t-15579
553	http://purl.org/collections/nl/am/proxy-40647	http://purl.org/collections/nl/am/t-22505
554	http://purl.org/collections/nl/am/proxy-40671	http://purl.org/collections/nl/am/t-22505
555	http://purl.org/collections/nl/am/proxy-55837	http://purl.org/collections/nl/am/t-22503
556	http://purl.org/collections/nl/am/proxy-8544	http://purl.org/collections/nl/am/t-15606
557	http://purl.org/collections/nl/am/proxy-29301	http://purl.org/collections/nl/am/t-15459
558	http://purl.org/collections/nl/am/proxy-60001	http://purl.org/collections/nl/am/t-22503
559	http://purl.org/collections/nl/am/proxy-73744	http://purl.org/collections/nl/am/t-15579
560	http://purl.org/collections/nl/am/proxy-72303	http://purl.org/collections/nl/am/t-22503
561	http://purl.org/collections/nl/am/proxy-68444	http://purl.org/collections/nl/am/t-14592
562	http://purl.org/collections/nl/am/proxy-2163	http://purl.org/collections/nl/am/t-22503
563	http://purl.org/collections/nl/am/proxy-63296	http://purl.org/collections/nl/am/t-14592
564	http://purl.org/collections/nl/am/proxy-45521	http://purl.org/collections/nl/am/t-14592
565	http://purl.org/collections/nl/am/proxy-5900	http://purl.org/collections/nl/am/t-15459
566	http://purl.org/collections/nl/am/proxy-44408	http://purl.org/collections/nl/am/t-15579
567	http://purl.org/collections/nl/am/proxy-23739	http://purl.org/collections/nl/am/t-15579
568	http://purl.org/collections/nl/am/proxy-63021	http://purl.org/collections/nl/am/t-22503
569	http://purl.org/collections/nl/am/proxy-57733	http://purl.org/collections/nl/am/t-22503
570	http://purl.org/collections/nl/am/proxy-50507	http://purl.org/collections/nl/am/t-22503
571	http://purl.org/collections/nl/am/proxy-59764	http://purl.org/collections/nl/am/t-22503
572	http://purl.org/collections/nl/am/proxy-19361	http://purl.org/collections/nl/am/t-15459
573	http://purl.org/collections/nl/am/proxy-32384	http://purl.org/collections/nl/am/t-5504
574	http://purl.org/collections/nl/am/proxy-4379	http://purl.org/collections/nl/am/t-22503
575	http://purl.org/collections/nl/am/proxy-21193	http://purl.org/collections/nl/am/t-15579
576	http://purl.org/collections/nl/am/proxy-40122	http://purl.org/collections/nl/am/t-22505
577	http://purl.org/collections/nl/am/proxy-47876	http://purl.org/collections/nl/am/t-22503
578	http://purl.org/collections/nl/am/proxy-32975	http://purl.org/collections/nl/am/t-22508
579	http://purl.org/collections/nl/am/proxy-42332	http://purl.org/collections/nl/am/t-22503
580	http://purl.org/collections/nl/am/proxy-40299	http://purl.org/collections/nl/am/t-22505
581	http://purl.org/collections/nl/am/proxy-52965	http://purl.org/collections/nl/am/t-22503
582	http://purl.org/collections/nl/am/proxy-2679	http://purl.org/collections/nl/am/t-22503
583	http://purl.org/collections/nl/am/proxy-39521	http://purl.org/collections/nl/am/t-22506
584	http://purl.org/collections/nl/am/proxy-50255	http://purl.org/collections/nl/am/t-22503
585	http://purl.org/collections/nl/am/proxy-42778	http://purl.org/collections/nl/am/t-22505
586	http://purl.org/collections/nl/am/proxy-32387	http://purl.org/collections/nl/am/t-5504
587	http://purl.org/collections/nl/am/proxy-23416	http://purl.org/collections/nl/am/t-22508
588	http://purl.org/collections/nl/am/proxy-40042	http://purl.org/collections/nl/am/t-22505
589	http://purl.org/collections/nl/am/proxy-11175	http://purl.org/collections/nl/am/t-22508
590	http://purl.org/collections/nl/am/proxy-5449	http://purl.org/collections/nl/am/t-22508
591	http://purl.org/collections/nl/am/proxy-53923	http://purl.org/collections/nl/am/t-22503
592	http://purl.org/collections/nl/am/proxy-465	http://purl.org/collections/nl/am/t-22503
593	http://purl.org/collections/nl/am/proxy-29227	http://purl.org/collections/nl/am/t-5504
594	http://purl.org/collections/nl/am/proxy-8890	http://purl.org/collections/nl/am/t-15606
595	http://purl.org/collections/nl/am/proxy-39520	http://purl.org/collections/nl/am/t-22506
596	http://purl.org/collections/nl/am/proxy-65456	http://purl.org/collections/nl/am/t-22503
597	http://purl.org/collections/nl/am/proxy-20452	http://purl.org/collections/nl/am/t-5504
598	http://purl.org/collections/nl/am/proxy-68586	http://purl.org/collections/nl/am/t-14592
599	http://purl.org/collections/nl/am/proxy-32386	http://purl.org/collections/nl/am/t-5504
600	http://purl.org/collections/nl/am/proxy-52809	http://purl.org/collections/nl/am/t-22503
601	http://purl.org/collections/nl/am/proxy-52934	http://purl.org/collections/nl/am/t-22503
602	http://purl.org/collections/nl/am/proxy-27753	http://purl.org/collections/nl/am/t-5504
603	http://purl.org/collections/nl/am/proxy-61799	http://purl.org/collections/nl/am/t-22505
604	http://purl.org/collections/nl/am/proxy-21860	http://purl.org/collections/nl/am/t-15579
605	http://purl.org/collections/nl/am/proxy-1034	http://purl.org/collections/nl/am/t-22503
606	http://purl.org/collections/nl/am/proxy-9215	http://purl.org/collections/nl/am/t-5504
607	http://purl.org/collections/nl/am/proxy-21907	http://purl.org/collections/nl/am/t-5504
608	http://purl.org/collections/nl/am/proxy-8853	http://purl.org/collections/nl/am/t-15606
609	http://purl.org/collections/nl/am/proxy-24543	http://purl.org/collections/nl/am/t-5504
610	http://purl.org/collections/nl/am/proxy-33125	http://purl.org/collections/nl/am/t-15459
611	http://purl.org/collections/nl/am/proxy-41770	http://purl.org/collections/nl/am/t-22505
612	http://purl.org/collections/nl/am/proxy-50336	http://purl.org/collections/nl/am/t-22503
613	http://purl.org/collections/nl/am/proxy-57239	http://purl.org/collections/nl/am/t-22503
614	http://purl.org/collections/nl/am/proxy-18600	http://purl.org/collections/nl/am/t-15579
615	http://purl.org/collections/nl/am/proxy-41	http://purl.org/collections/nl/am/t-22504
616	http://purl.org/collections/nl/am/proxy-68512	http://purl.org/collections/nl/am/t-14592
617	http://purl.org/collections/nl/am/proxy-48968	http://purl.org/collections/nl/am/t-22504
618	http://purl.org/collections/nl/am/proxy-67697	http://purl.org/collections/nl/am/t-14592
619	http://purl.org/collections/nl/am/proxy-69824	http://purl.org/collections/nl/am/t-22503
620	http://purl.org/collections/nl/am/proxy-45945	http://purl.org/collections/nl/am/t-14592
621	http://purl.org/collections/nl/am/proxy-40882	http://purl.org/collections/nl/am/t-22505
622	http://purl.org/collections/nl/am/proxy-53881	http://purl.org/collections/nl/am/t-22503
623	http://purl.org/collections/nl/am/proxy-51707	http://purl.org/collections/nl/am/t-22503
624	http://purl.org/collections/nl/am/proxy-62562	http://purl.org/collections/nl/am/t-5504
625	http://purl.org/collections/nl/am/proxy-20730	http://purl.org/collections/nl/am/t-15579
626	http://purl.org/collections/nl/am/proxy-37866	http://purl.org/collections/nl/am/t-22506
627	http://purl.org/collections/nl/am/proxy-57529	http://purl.org/collections/nl/am/t-22503
628	http://purl.org/collections/nl/am/proxy-65706	http://purl.org/collections/nl/am/t-22503
629	http://purl.org/collections/nl/am/proxy-4116	http://purl.org/collections/nl/am/t-5504
630	http://purl.org/collections/nl/am/proxy-47667	http://purl.org/collections/nl/am/t-5504
631	http://purl.org/collections/nl/am/proxy-39377	http://purl.org/collections/nl/am/t-22506
632	http://purl.org/collections/nl/am/proxy-29023	http://purl.org/collections/nl/am/t-15579
633	http://purl.org/collections/nl/am/proxy-10741	http://purl.org/collections/nl/am/t-22508
634	http://purl.org/collections/nl/am/proxy-73473	http://purl.org/collections/nl/am/t-22505
635	http://purl.org/collections/nl/am/proxy-20916	http://purl.org/collections/nl/am/t-15459
636	http://purl.org/collections/nl/am/proxy-6358	http://purl.org/collections/nl/am/t-22504
637	http://purl.org/collections/nl/am/proxy-69233	http://purl.org/collections/nl/am/t-22503
638	http://purl.org/collections/nl/am/proxy-14527	http://purl.org/collections/nl/am/t-22505
639	http://purl.org/collections/nl/am/proxy-55003	http://purl.org/collections/nl/am/t-22503
640	http://purl.org/collections/nl/am/proxy-31521	http://purl.org/collections/nl/am/t-5504
641	http://purl.org/collections/nl/am/proxy-49076	http://purl.org/collections/nl/am/t-22504
642	http://purl.org/collections/nl/am/proxy-22018	http://purl.org/collections/nl/am/t-5504
643	http://purl.org/collections/nl/am/proxy-46291	http://purl.org/collections/nl/am/t-14592
644	http://purl.org/collections/nl/am/proxy-6701	http://purl.org/collections/nl/am/t-15606
645	http://purl.org/collections/nl/am/proxy-14696	http://purl.org/collections/nl/am/t-15606
646	http://purl.org/collections/nl/am/proxy-1107	http://purl.org/collections/nl/am/t-22503
647	http://purl.org/collections/nl/am/proxy-27739	http://purl.org/collections/nl/am/t-5504
648	http://purl.org/collections/nl/am/proxy-53357	http://purl.org/collections/nl/am/t-22503
649	http://purl.org/collections/nl/am/proxy-57656	http://purl.org/collections/nl/am/t-22503
650	http://purl.org/collections/nl/am/proxy-28213	http://purl.org/collections/nl/am/t-5504
651	http://purl.org/collections/nl/am/proxy-57415	http://purl.org/collections/nl/am/t-22503
652	http://purl.org/collections/nl/am/proxy-70789	http://purl.org/collections/nl/am/t-22503
653	http://purl.org/collections/nl/am/proxy-49708	http://purl.org/collections/nl/am/t-22503
654	http://purl.org/collections/nl/am/proxy-46337	http://purl.org/collections/nl/am/t-14592
655	http://purl.org/collections/nl/am/proxy-5839	http://purl.org/collections/nl/am/t-15459
656	http://purl.org/collections/nl/am/proxy-4714	http://purl.org/collections/nl/am/t-22507
657	http://purl.org/collections/nl/am/proxy-45486	http://purl.org/collections/nl/am/t-14592
658	http://purl.org/collections/nl/am/proxy-43487	http://purl.org/collections/nl/am/t-22505
659	http://purl.org/collections/nl/am/proxy-25836	http://purl.org/collections/nl/am/t-15459
660	http://purl.org/collections/nl/am/proxy-41147	http://purl.org/collections/nl/am/t-22505
661	http://purl.org/collections/nl/am/proxy-27852	http://purl.org/collections/nl/am/t-5504
662	http://purl.org/collections/nl/am/proxy-39128	http://purl.org/collections/nl/am/t-22506
663	http://purl.org/collections/nl/am/proxy-65872	http://purl.org/collections/nl/am/t-22503
664	http://purl.org/collections/nl/am/proxy-747	http://purl.org/collections/nl/am/t-22503
665	http://purl.org/collections/nl/am/proxy-71358	http://purl.org/collections/nl/am/t-22503
666	http://purl.org/collections/nl/am/proxy-65241	http://purl.org/collections/nl/am/t-22503
667	http://purl.org/collections/nl/am/proxy-43034	http://purl.org/collections/nl/am/t-22505
668	http://purl.org/collections/nl/am/proxy-49814	http://purl.org/collections/nl/am/t-22503
669	http://purl.org/collections/nl/am/proxy-69425	http://purl.org/collections/nl/am/t-22503
670	http://purl.org/collections/nl/am/proxy-38494	http://purl.org/collections/nl/am/t-22506
671	http://purl.org/collections/nl/am/proxy-64718	http://purl.org/collections/nl/am/t-15579
672	http://purl.org/collections/nl/am/proxy-4245	http://purl.org/collections/nl/am/t-22503
673	http://purl.org/collections/nl/am/proxy-27833	http://purl.org/collections/nl/am/t-5504
674	http://purl.org/collections/nl/am/proxy-11222	http://purl.org/collections/nl/am/t-15606
675	http://purl.org/collections/nl/am/proxy-71044	http://purl.org/collections/nl/am/t-22503
676	http://purl.org/collections/nl/am/proxy-55383	http://purl.org/collections/nl/am/t-22503
677	http://purl.org/collections/nl/am/proxy-41006	http://purl.org/collections/nl/am/t-22505
678	http://purl.org/collections/nl/am/proxy-73215	http://purl.org/collections/nl/am/t-15579
679	http://purl.org/collections/nl/am/proxy-52104	http://purl.org/collections/nl/am/t-22503
680	http://purl.org/collections/nl/am/proxy-49667	http://purl.org/collections/nl/am/t-22503
681	http://purl.org/collections/nl/am/proxy-18765	http://purl.org/collections/nl/am/t-15579
682	http://purl.org/collections/nl/am/proxy-20259	http://purl.org/collections/nl/am/t-5504
683	http://purl.org/collections/nl/am/proxy-39700	http://purl.org/collections/nl/am/t-22506
684	http://purl.org/collections/nl/am/proxy-56442	http://purl.org/collections/nl/am/t-22503
685	http://purl.org/collections/nl/am/proxy-9915	http://purl.org/collections/nl/am/t-5504
686	http://purl.org/collections/nl/am/proxy-9587	http://purl.org/collections/nl/am/t-15459
687	http://purl.org/collections/nl/am/proxy-29904	http://purl.org/collections/nl/am/t-15579
688	http://purl.org/collections/nl/am/proxy-13058	http://purl.org/collections/nl/am/t-15606
689	http://purl.org/collections/nl/am/proxy-63833	http://purl.org/collections/nl/am/t-22508
690	http://purl.org/collections/nl/am/proxy-43660	http://purl.org/collections/nl/am/t-22505
691	http://purl.org/collections/nl/am/proxy-25312	http://purl.org/collections/nl/am/t-15459
692	http://purl.org/collections/nl/am/proxy-9003	http://purl.org/collections/nl/am/t-15606
693	http://purl.org/collections/nl/am/proxy-48991	http://purl.org/collections/nl/am/t-22506
694	http://purl.org/collections/nl/am/proxy-63900	http://purl.org/collections/nl/am/t-22508
695	http://purl.org/collections/nl/am/proxy-49490	http://purl.org/collections/nl/am/t-22504
696	http://purl.org/collections/nl/am/proxy-13435	http://purl.org/collections/nl/am/t-22507
697	http://purl.org/collections/nl/am/proxy-12796	http://purl.org/collections/nl/am/t-15606
698	http://purl.org/collections/nl/am/proxy-53141	http://purl.org/collections/nl/am/t-22503
699	http://purl.org/collections/nl/am/proxy-49666	http://purl.org/collections/nl/am/t-22503
700	http://purl.org/collections/nl/am/proxy-25669	http://purl.org/collections/nl/am/t-5504
701	http://purl.org/collections/nl/am/proxy-18803	http://purl.org/collections/nl/am/t-15579
702	http://purl.org/collections/nl/am/proxy-26362	http://purl.org/collections/nl/am/t-15459
703	http://purl.org/collections/nl/am/proxy-9047	http://purl.org/collections/nl/am/t-15606
704	http://purl.org/collections/nl/am/proxy-59006	http://purl.org/collections/nl/am/t-22503
705	http://purl.org/collections/nl/am/proxy-1854	http://purl.org/collections/nl/am/t-22503
706	http://purl.org/collections/nl/am/proxy-59658	http://purl.org/collections/nl/am/t-22503
707	http://purl.org/collections/nl/am/proxy-22399	http://purl.org/collections/nl/am/t-15579
708	http://purl.org/collections/nl/am/proxy-13675	http://purl.org/collections/nl/am/t-5504
709	http://purl.org/collections/nl/am/proxy-72948	http://purl.org/collections/nl/am/t-14592
710	http://purl.org/collections/nl/am/proxy-20714	http://purl.org/collections/nl/am/t-22503
711	http://purl.org/collections/nl/am/proxy-61970	http://purl.org/collections/nl/am/t-22505
712	http://purl.org/collections/nl/am/proxy-13952	http://purl.org/collections/nl/am/t-15606
713	http://purl.org/collections/nl/am/proxy-27760	http://purl.org/collections/nl/am/t-5504
714	http://purl.org/collections/nl/am/proxy-53666	http://purl.org/collections/nl/am/t-22503
715	http://purl.org/collections/nl/am/proxy-28342	http://purl.org/collections/nl/am/t-5504
716	http://purl.org/collections/nl/am/proxy-42344	http://purl.org/collections/nl/am/t-22505
717	http://purl.org/collections/nl/am/proxy-47776	http://purl.org/collections/nl/am/t-22505
718	http://purl.org/collections/nl/am/proxy-6075	http://purl.org/collections/nl/am/t-22503
719	http://purl.org/collections/nl/am/proxy-2719	http://purl.org/collections/nl/am/t-22503
720	http://purl.org/collections/nl/am/proxy-28429	http://purl.org/collections/nl/am/t-15579
721	http://purl.org/collections/nl/am/proxy-47535	http://purl.org/collections/nl/am/t-5504
722	http://purl.org/collections/nl/am/proxy-1235	http://purl.org/collections/nl/am/t-22503
723	http://purl.org/collections/nl/am/proxy-42131	http://purl.org/collections/nl/am/t-22505
724	http://purl.org/collections/nl/am/proxy-59009	http://purl.org/collections/nl/am/t-22503
725	http://purl.org/collections/nl/am/proxy-64759	http://purl.org/collections/nl/am/t-22503
726	http://purl.org/collections/nl/am/proxy-12136	http://purl.org/collections/nl/am/t-5504
727	http://purl.org/collections/nl/am/proxy-61735	http://purl.org/collections/nl/am/t-22503
728	http://purl.org/collections/nl/am/proxy-28341	http://purl.org/collections/nl/am/t-15606
729	http://purl.org/collections/nl/am/proxy-51800	http://purl.org/collections/nl/am/t-22503
730	http://purl.org/collections/nl/am/proxy-33473	http://purl.org/collections/nl/am/t-14592
731	http://purl.org/collections/nl/am/proxy-45934	http://purl.org/collections/nl/am/t-14592
732	http://purl.org/collections/nl/am/proxy-64491	http://purl.org/collections/nl/am/t-15579
733	http://purl.org/collections/nl/am/proxy-48137	http://purl.org/collections/nl/am/t-22504
734	http://purl.org/collections/nl/am/proxy-57521	http://purl.org/collections/nl/am/t-22503
735	http://purl.org/collections/nl/am/proxy-67157	http://purl.org/collections/nl/am/t-15459
736	http://purl.org/collections/nl/am/proxy-57622	http://purl.org/collections/nl/am/t-22503
737	http://purl.org/collections/nl/am/proxy-72910	http://purl.org/collections/nl/am/t-15579
738	http://purl.org/collections/nl/am/proxy-46263	http://purl.org/collections/nl/am/t-14592
739	http://purl.org/collections/nl/am/proxy-24434	http://purl.org/collections/nl/am/t-22508
740	http://purl.org/collections/nl/am/proxy-7802	http://purl.org/collections/nl/am/t-15579
741	http://purl.org/collections/nl/am/proxy-57104	http://purl.org/collections/nl/am/t-22503
742	http://purl.org/collections/nl/am/proxy-46994	http://purl.org/collections/nl/am/t-15459
743	http://purl.org/collections/nl/am/proxy-57108	http://purl.org/collections/nl/am/t-22503
744	http://purl.org/collections/nl/am/proxy-61792	http://purl.org/collections/nl/am/t-22505
745	http://purl.org/collections/nl/am/proxy-6549	http://purl.org/collections/nl/am/t-15606
746	http://purl.org/collections/nl/am/proxy-69060	http://purl.org/collections/nl/am/t-14592
747	http://purl.org/collections/nl/am/proxy-6605	http://purl.org/collections/nl/am/t-15606
748	http://purl.org/collections/nl/am/proxy-61269	http://purl.org/collections/nl/am/t-22503
749	http://purl.org/collections/nl/am/proxy-32005	http://purl.org/collections/nl/am/t-15579
750	http://purl.org/collections/nl/am/proxy-40626	http://purl.org/collections/nl/am/t-22505
751	http://purl.org/collections/nl/am/proxy-38184	http://purl.org/collections/nl/am/t-22506
752	http://purl.org/collections/nl/am/proxy-23118	http://purl.org/collections/nl/am/t-15579
753	http://purl.org/collections/nl/am/proxy-64436	http://purl.org/collections/nl/am/t-5504
754	http://purl.org/collections/nl/am/proxy-51566	http://purl.org/collections/nl/am/t-22503
755	http://purl.org/collections/nl/am/proxy-2570	http://purl.org/collections/nl/am/t-22503
756	http://purl.org/collections/nl/am/proxy-13828	http://purl.org/collections/nl/am/t-15606
757	http://purl.org/collections/nl/am/proxy-4636	http://purl.org/collections/nl/am/t-22507
758	http://purl.org/collections/nl/am/proxy-16447	http://purl.org/collections/nl/am/t-15459
759	http://purl.org/collections/nl/am/proxy-31903	http://purl.org/collections/nl/am/t-15579
760	http://purl.org/collections/nl/am/proxy-63803	http://purl.org/collections/nl/am/t-5504
761	http://purl.org/collections/nl/am/proxy-55047	http://purl.org/collections/nl/am/t-22503
762	http://purl.org/collections/nl/am/proxy-71087	http://purl.org/collections/nl/am/t-22503
763	http://purl.org/collections/nl/am/proxy-5832	http://purl.org/collections/nl/am/t-15459
764	http://purl.org/collections/nl/am/proxy-38086	http://purl.org/collections/nl/am/t-22506
765	http://purl.org/collections/nl/am/proxy-52579	http://purl.org/collections/nl/am/t-22503
766	http://purl.org/collections/nl/am/proxy-72627	http://purl.org/collections/nl/am/t-22503
767	http://purl.org/collections/nl/am/proxy-41706	http://purl.org/collections/nl/am/t-22505
768	http://purl.org/collections/nl/am/proxy-71280	http://purl.org/collections/nl/am/t-22503
769	http://purl.org/collections/nl/am/proxy-1276	http://purl.org/collections/nl/am/t-22503
770	http://purl.org/collections/nl/am/proxy-73960	http://purl.org/collections/nl/am/t-5504
771	http://purl.org/collections/nl/am/proxy-10179	http://purl.org/collections/nl/am/t-22508
772	http://purl.org/collections/nl/am/proxy-306	http://purl.org/collections/nl/am/t-22503
773	http://purl.org/collections/nl/am/proxy-42172	http://purl.org/collections/nl/am/t-22505
774	http://purl.org/collections/nl/am/proxy-71668	http://purl.org/collections/nl/am/t-22503
775	http://purl.org/collections/nl/am/proxy-44726	http://purl.org/collections/nl/am/t-15579
776	http://purl.org/collections/nl/am/proxy-65092	http://purl.org/collections/nl/am/t-22503
777	http://purl.org/collections/nl/am/proxy-26567	http://purl.org/collections/nl/am/t-15459
778	http://purl.org/collections/nl/am/proxy-3579	http://purl.org/collections/nl/am/t-22503
779	http://purl.org/collections/nl/am/proxy-39914	http://purl.org/collections/nl/am/t-22505
780	http://purl.org/collections/nl/am/proxy-46999	http://purl.org/collections/nl/am/t-15459
781	http://purl.org/collections/nl/am/proxy-614	http://purl.org/collections/nl/am/t-22503
782	http://purl.org/collections/nl/am/proxy-38398	http://purl.org/collections/nl/am/t-22506
783	http://purl.org/collections/nl/am/proxy-49082	http://purl.org/collections/nl/am/t-22504
784	http://purl.org/collections/nl/am/proxy-26124	http://purl.org/collections/nl/am/t-15579
785	http://purl.org/collections/nl/am/proxy-12380	http://purl.org/collections/nl/am/t-15606
786	http://purl.org/collections/nl/am/proxy-28800	http://purl.org/collections/nl/am/t-5504
787	http://purl.org/collections/nl/am/proxy-70863	http://purl.org/collections/nl/am/t-22503
788	http://purl.org/collections/nl/am/proxy-21345	http://purl.org/collections/nl/am/t-15579
789	http://purl.org/collections/nl/am/proxy-56142	http://purl.org/collections/nl/am/t-22503
790	http://purl.org/collections/nl/am/proxy-71282	http://purl.org/collections/nl/am/t-22503
791	http://purl.org/collections/nl/am/proxy-72374	http://purl.org/collections/nl/am/t-22503
792	http://purl.org/collections/nl/am/proxy-67983	http://purl.org/collections/nl/am/t-14592
793	http://purl.org/collections/nl/am/proxy-1458	http://purl.org/collections/nl/am/t-22503
794	http://purl.org/collections/nl/am/proxy-47641	http://purl.org/collections/nl/am/t-5504
795	http://purl.org/collections/nl/am/proxy-67987	http://purl.org/collections/nl/am/t-14592
796	http://purl.org/collections/nl/am/proxy-6401	http://purl.org/collections/nl/am/t-15606
797	http://purl.org/collections/nl/am/proxy-11391	http://purl.org/collections/nl/am/t-15606
798	http://purl.org/collections/nl/am/proxy-10216	http://purl.org/collections/nl/am/t-22508
799	http://purl.org/collections/nl/am/proxy-59104	http://purl.org/collections/nl/am/t-22503
800	http://purl.org/collections/nl/am/proxy-689	http://purl.org/collections/nl/am/t-22503
801	http://purl.org/collections/nl/am/proxy-54538	http://purl.org/collections/nl/am/t-22503
802	http://purl.org/collections/nl/am/proxy-13050	http://purl.org/collections/nl/am/t-15606
803	http://purl.org/collections/nl/am/proxy-53350	http://purl.org/collections/nl/am/t-22503
804	http://purl.org/collections/nl/am/proxy-61318	http://purl.org/collections/nl/am/t-22503
805	http://purl.org/collections/nl/am/proxy-44932	http://purl.org/collections/nl/am/t-14592
806	http://purl.org/collections/nl/am/proxy-61455	http://purl.org/collections/nl/am/t-22503
807	http://purl.org/collections/nl/am/proxy-50884	http://purl.org/collections/nl/am/t-22504
808	http://purl.org/collections/nl/am/proxy-29835	http://purl.org/collections/nl/am/t-15579
809	http://purl.org/collections/nl/am/proxy-10952	http://purl.org/collections/nl/am/t-22508
810	http://purl.org/collections/nl/am/proxy-11570	http://purl.org/collections/nl/am/t-22508
811	http://purl.org/collections/nl/am/proxy-55700	http://purl.org/collections/nl/am/t-22503
812	http://purl.org/collections/nl/am/proxy-19431	http://purl.org/collections/nl/am/t-5504
813	http://purl.org/collections/nl/am/proxy-53533	http://purl.org/collections/nl/am/t-22503
814	http://purl.org/collections/nl/am/proxy-71823	http://purl.org/collections/nl/am/t-22503
815	http://purl.org/collections/nl/am/proxy-1585	http://purl.org/collections/nl/am/t-22503
816	http://purl.org/collections/nl/am/proxy-42211	http://purl.org/collections/nl/am/t-22503
817	http://purl.org/collections/nl/am/proxy-38618	http://purl.org/collections/nl/am/t-22506
818	http://purl.org/collections/nl/am/proxy-3548	http://purl.org/collections/nl/am/t-22503
819	http://purl.org/collections/nl/am/proxy-44834	http://purl.org/collections/nl/am/t-22503
820	http://purl.org/collections/nl/am/proxy-6403	http://purl.org/collections/nl/am/t-15606
821	http://purl.org/collections/nl/am/proxy-71430	http://purl.org/collections/nl/am/t-22503
822	http://purl.org/collections/nl/am/proxy-11494	http://purl.org/collections/nl/am/t-22507
823	http://purl.org/collections/nl/am/proxy-72131	http://purl.org/collections/nl/am/t-22503
824	http://purl.org/collections/nl/am/proxy-11436	http://purl.org/collections/nl/am/t-22508
825	http://purl.org/collections/nl/am/proxy-50235	http://purl.org/collections/nl/am/t-22503
826	http://purl.org/collections/nl/am/proxy-66900	http://purl.org/collections/nl/am/t-22507
827	http://purl.org/collections/nl/am/proxy-27590	http://purl.org/collections/nl/am/t-15579
828	http://purl.org/collections/nl/am/proxy-69246	http://purl.org/collections/nl/am/t-22503
829	http://purl.org/collections/nl/am/proxy-45662	http://purl.org/collections/nl/am/t-14592
830	http://purl.org/collections/nl/am/proxy-3363	http://purl.org/collections/nl/am/t-22503
831	http://purl.org/collections/nl/am/proxy-21483	http://purl.org/collections/nl/am/t-15579
832	http://purl.org/collections/nl/am/proxy-41424	http://purl.org/collections/nl/am/t-22505
833	http://purl.org/collections/nl/am/proxy-53821	http://purl.org/collections/nl/am/t-22503
834	http://purl.org/collections/nl/am/proxy-29582	http://purl.org/collections/nl/am/t-5504
835	http://purl.org/collections/nl/am/proxy-38156	http://purl.org/collections/nl/am/t-22506
836	http://purl.org/collections/nl/am/proxy-67675	http://purl.org/collections/nl/am/t-15579
837	http://purl.org/collections/nl/am/proxy-50448	http://purl.org/collections/nl/am/t-22503
838	http://purl.org/collections/nl/am/proxy-63138	http://purl.org/collections/nl/am/t-5504
839	http://purl.org/collections/nl/am/proxy-1346	http://purl.org/collections/nl/am/t-22503
840	http://purl.org/collections/nl/am/proxy-62596	http://purl.org/collections/nl/am/t-5504
841	http://purl.org/collections/nl/am/proxy-19298	http://purl.org/collections/nl/am/t-15459
842	http://purl.org/collections/nl/am/proxy-28901	http://purl.org/collections/nl/am/t-15579
843	http://purl.org/collections/nl/am/proxy-50852	http://purl.org/collections/nl/am/t-22505
844	http://purl.org/collections/nl/am/proxy-66137	http://purl.org/collections/nl/am/t-14592
845	http://purl.org/collections/nl/am/proxy-42175	http://purl.org/collections/nl/am/t-22505
846	http://purl.org/collections/nl/am/proxy-26746	http://purl.org/collections/nl/am/t-15459
847	http://purl.org/collections/nl/am/proxy-38264	http://purl.org/collections/nl/am/t-22506
848	http://purl.org/collections/nl/am/proxy-66510	http://purl.org/collections/nl/am/t-15606
849	http://purl.org/collections/nl/am/proxy-13821	http://purl.org/collections/nl/am/t-15606
850	http://purl.org/collections/nl/am/proxy-70373	http://purl.org/collections/nl/am/t-22503
851	http://purl.org/collections/nl/am/proxy-53054	http://purl.org/collections/nl/am/t-22503
852	http://purl.org/collections/nl/am/proxy-29422	http://purl.org/collections/nl/am/t-15606
853	http://purl.org/collections/nl/am/proxy-56124	http://purl.org/collections/nl/am/t-22503
854	http://purl.org/collections/nl/am/proxy-21093	http://purl.org/collections/nl/am/t-15606
855	http://purl.org/collections/nl/am/proxy-64232	http://purl.org/collections/nl/am/t-15579
856	http://purl.org/collections/nl/am/proxy-66194	http://purl.org/collections/nl/am/t-14592
857	http://purl.org/collections/nl/am/proxy-72008	http://purl.org/collections/nl/am/t-22503
858	http://purl.org/collections/nl/am/proxy-66992	http://purl.org/collections/nl/am/t-5504
859	http://purl.org/collections/nl/am/proxy-72470	http://purl.org/collections/nl/am/t-22503
860	http://purl.org/collections/nl/am/proxy-69284	http://purl.org/collections/nl/am/t-22503
861	http://purl.org/collections/nl/am/proxy-27342	http://purl.org/collections/nl/am/t-15579
862	http://purl.org/collections/nl/am/proxy-5873	http://purl.org/collections/nl/am/t-15459
863	http://purl.org/collections/nl/am/proxy-28186	http://purl.org/collections/nl/am/t-22505
864	http://purl.org/collections/nl/am/proxy-3038	http://purl.org/collections/nl/am/t-22503
865	http://purl.org/collections/nl/am/proxy-53671	http://purl.org/collections/nl/am/t-22503
866	http://purl.org/collections/nl/am/proxy-54714	http://purl.org/collections/nl/am/t-22503
867	http://purl.org/collections/nl/am/proxy-6415	http://purl.org/collections/nl/am/t-15606
868	http://purl.org/collections/nl/am/proxy-50474	http://purl.org/collections/nl/am/t-22503
869	http://purl.org/collections/nl/am/proxy-69110	http://purl.org/collections/nl/am/t-22503
870	http://purl.org/collections/nl/am/proxy-73119	http://purl.org/collections/nl/am/t-14592
871	http://purl.org/collections/nl/am/proxy-56127	http://purl.org/collections/nl/am/t-22503
872	http://purl.org/collections/nl/am/proxy-56761	http://purl.org/collections/nl/am/t-22503
873	http://purl.org/collections/nl/am/proxy-50787	http://purl.org/collections/nl/am/t-14592
874	http://purl.org/collections/nl/am/proxy-73121	http://purl.org/collections/nl/am/t-14592
875	http://purl.org/collections/nl/am/proxy-66826	http://purl.org/collections/nl/am/t-22508
876	http://purl.org/collections/nl/am/proxy-40334	http://purl.org/collections/nl/am/t-22505
877	http://purl.org/collections/nl/am/proxy-4828	http://purl.org/collections/nl/am/t-22507
878	http://purl.org/collections/nl/am/proxy-42098	http://purl.org/collections/nl/am/t-22505
879	http://purl.org/collections/nl/am/proxy-53966	http://purl.org/collections/nl/am/t-22503
880	http://purl.org/collections/nl/am/proxy-65136	http://purl.org/collections/nl/am/t-22503
881	http://purl.org/collections/nl/am/proxy-52197	http://purl.org/collections/nl/am/t-22503
882	http://purl.org/collections/nl/am/proxy-54860	http://purl.org/collections/nl/am/t-22503
883	http://purl.org/collections/nl/am/proxy-32791	http://purl.org/collections/nl/am/t-22508
884	http://purl.org/collections/nl/am/proxy-44975	http://purl.org/collections/nl/am/t-14592
885	http://purl.org/collections/nl/am/proxy-3101	http://purl.org/collections/nl/am/t-5504
886	http://purl.org/collections/nl/am/proxy-6611	http://purl.org/collections/nl/am/t-15606
887	http://purl.org/collections/nl/am/proxy-15827	http://purl.org/collections/nl/am/t-15459
888	http://purl.org/collections/nl/am/proxy-50681	http://purl.org/collections/nl/am/t-22503
889	http://purl.org/collections/nl/am/proxy-23987	http://purl.org/collections/nl/am/t-15579
890	http://purl.org/collections/nl/am/proxy-22546	http://purl.org/collections/nl/am/t-15579
891	http://purl.org/collections/nl/am/proxy-52528	http://purl.org/collections/nl/am/t-22503
892	http://purl.org/collections/nl/am/proxy-43239	http://purl.org/collections/nl/am/t-22505
893	http://purl.org/collections/nl/am/proxy-20612	http://purl.org/collections/nl/am/t-15579
894	http://purl.org/collections/nl/am/proxy-45118	http://purl.org/collections/nl/am/t-14592
895	http://purl.org/collections/nl/am/proxy-16520	http://purl.org/collections/nl/am/t-5504
896	http://purl.org/collections/nl/am/proxy-56286	http://purl.org/collections/nl/am/t-22503
897	http://purl.org/collections/nl/am/proxy-3100	http://purl.org/collections/nl/am/t-5504
898	http://purl.org/collections/nl/am/proxy-74618	http://purl.org/collections/nl/am/t-5504
899	http://purl.org/collections/nl/am/proxy-29721	http://purl.org/collections/nl/am/t-15579
900	http://purl.org/collections/nl/am/proxy-61323	http://purl.org/collections/nl/am/t-22503
901	http://purl.org/collections/nl/am/proxy-14597	http://purl.org/collections/nl/am/t-15606
902	http://purl.org/collections/nl/am/proxy-38965	http://purl.org/collections/nl/am/t-22506
903	http://purl.org/collections/nl/am/proxy-5554	http://purl.org/collections/nl/am/t-22508
904	http://purl.org/collections/nl/am/proxy-3689	http://purl.org/collections/nl/am/t-22504
905	http://purl.org/collections/nl/am/proxy-31526	http://purl.org/collections/nl/am/t-5504
906	http://purl.org/collections/nl/am/proxy-60962	http://purl.org/collections/nl/am/t-22503
907	http://purl.org/collections/nl/am/proxy-54405	http://purl.org/collections/nl/am/t-5504
908	http://purl.org/collections/nl/am/proxy-243	http://purl.org/collections/nl/am/t-22503
909	http://purl.org/collections/nl/am/proxy-58542	http://purl.org/collections/nl/am/t-5504
910	http://purl.org/collections/nl/am/proxy-55741	http://purl.org/collections/nl/am/t-22503
911	http://purl.org/collections/nl/am/proxy-51473	http://purl.org/collections/nl/am/t-22503
912	http://purl.org/collections/nl/am/proxy-19343	http://purl.org/collections/nl/am/t-15579
913	http://purl.org/collections/nl/am/proxy-47189	http://purl.org/collections/nl/am/t-5504
914	http://purl.org/collections/nl/am/proxy-19206	http://purl.org/collections/nl/am/t-15579
915	http://purl.org/collections/nl/am/proxy-31918	http://purl.org/collections/nl/am/t-15579
916	http://purl.org/collections/nl/am/proxy-60800	http://purl.org/collections/nl/am/t-22503
917	http://purl.org/collections/nl/am/proxy-30715	http://purl.org/collections/nl/am/t-22508
918	http://purl.org/collections/nl/am/proxy-6580	http://purl.org/collections/nl/am/t-15606
919	http://purl.org/collections/nl/am/proxy-52137	http://purl.org/collections/nl/am/t-22503
920	http://purl.org/collections/nl/am/proxy-45350	http://purl.org/collections/nl/am/t-14592
921	http://purl.org/collections/nl/am/proxy-48171	http://purl.org/collections/nl/am/t-15606
922	http://purl.org/collections/nl/am/proxy-50276	http://purl.org/collections/nl/am/t-22503
923	http://purl.org/collections/nl/am/proxy-12116	http://purl.org/collections/nl/am/t-22508
924	http://purl.org/collections/nl/am/proxy-72243	http://purl.org/collections/nl/am/t-22503
925	http://purl.org/collections/nl/am/proxy-28595	http://purl.org/collections/nl/am/t-15579
926	http://purl.org/collections/nl/am/proxy-64756	http://purl.org/collections/nl/am/t-15579
927	http://purl.org/collections/nl/am/proxy-24230	http://purl.org/collections/nl/am/t-15459
928	http://purl.org/collections/nl/am/proxy-51116	http://purl.org/collections/nl/am/t-22503
929	http://purl.org/collections/nl/am/proxy-74587	http://purl.org/collections/nl/am/t-5504
930	http://purl.org/collections/nl/am/proxy-3346	http://purl.org/collections/nl/am/t-22503
931	http://purl.org/collections/nl/am/proxy-66001	http://purl.org/collections/nl/am/t-22503
932	http://purl.org/collections/nl/am/proxy-54167	http://purl.org/collections/nl/am/t-22503
933	http://purl.org/collections/nl/am/proxy-54648	http://purl.org/collections/nl/am/t-5504
934	http://purl.org/collections/nl/am/proxy-23848	http://purl.org/collections/nl/am/t-15579
935	http://purl.org/collections/nl/am/proxy-22834	http://purl.org/collections/nl/am/t-5504
936	http://purl.org/collections/nl/am/proxy-30224	http://purl.org/collections/nl/am/t-5504
937	http://purl.org/collections/nl/am/proxy-31336	http://purl.org/collections/nl/am/t-15606
938	http://purl.org/collections/nl/am/proxy-66998	http://purl.org/collections/nl/am/t-5504
939	http://purl.org/collections/nl/am/proxy-70241	http://purl.org/collections/nl/am/t-22503
940	http://purl.org/collections/nl/am/proxy-40545	http://purl.org/collections/nl/am/t-22505
941	http://purl.org/collections/nl/am/proxy-4887	http://purl.org/collections/nl/am/t-22507
942	http://purl.org/collections/nl/am/proxy-43400	http://purl.org/collections/nl/am/t-22505
943	http://purl.org/collections/nl/am/proxy-8162	http://purl.org/collections/nl/am/t-15459
944	http://purl.org/collections/nl/am/proxy-75012	http://purl.org/collections/nl/am/t-5504
945	http://purl.org/collections/nl/am/proxy-38372	http://purl.org/collections/nl/am/t-22506
946	http://purl.org/collections/nl/am/proxy-28151	http://purl.org/collections/nl/am/t-15579
947	http://purl.org/collections/nl/am/proxy-5626	http://purl.org/collections/nl/am/t-22508
948	http://purl.org/collections/nl/am/proxy-45384	http://purl.org/collections/nl/am/t-14592
949	http://purl.org/collections/nl/am/proxy-71578	http://purl.org/collections/nl/am/t-22503
950	http://purl.org/collections/nl/am/proxy-48587	http://purl.org/collections/nl/am/t-5504
951	http://purl.org/collections/nl/am/proxy-2289	http://purl.org/collections/nl/am/t-22503
952	http://purl.org/collections/nl/am/proxy-60999	http://purl.org/collections/nl/am/t-22503
953	http://purl.org/collections/nl/am/proxy-15808	http://purl.org/collections/nl/am/t-5504
954	http://purl.org/collections/nl/am/proxy-765	http://purl.org/collections/nl/am/t-22503
955	http://purl.org/collections/nl/am/proxy-4085	http://purl.org/collections/nl/am/t-22503
956	http://purl.org/collections/nl/am/proxy-10155	http://purl.org/collections/nl/am/t-22508
957	http://purl.org/collections/nl/am/proxy-74621	http://purl.org/collections/nl/am/t-5504
958	http://purl.org/collections/nl/am/proxy-26515	http://purl.org/collections/nl/am/t-15459
959	http://purl.org/collections/nl/am/proxy-5704	http://purl.org/collections/nl/am/t-22508
960	http://purl.org/collections/nl/am/proxy-52346	http://purl.org/collections/nl/am/t-22503
961	http://purl.org/collections/nl/am/proxy-56759	http://purl.org/collections/nl/am/t-22503
962	http://purl.org/collections/nl/am/proxy-63031	http://purl.org/collections/nl/am/t-22503
963	http://purl.org/collections/nl/am/proxy-24707	http://purl.org/collections/nl/am/t-15579
964	http://purl.org/collections/nl/am/proxy-21776	http://purl.org/collections/nl/am/t-15579
965	http://purl.org/collections/nl/am/proxy-2973	http://purl.org/collections/nl/am/t-22503
966	http://purl.org/collections/nl/am/proxy-12973	http://purl.org/collections/nl/am/t-15606
967	http://purl.org/collections/nl/am/proxy-47432	http://purl.org/collections/nl/am/t-5504
968	http://purl.org/collections/nl/am/proxy-40201	http://purl.org/collections/nl/am/t-22505
969	http://purl.org/collections/nl/am/proxy-66440	http://purl.org/collections/nl/am/t-15579
970	http://purl.org/collections/nl/am/proxy-65288	http://purl.org/collections/nl/am/t-22503
971	http://purl.org/collections/nl/am/proxy-22972	http://purl.org/collections/nl/am/t-22507
972	http://purl.org/collections/nl/am/proxy-31168	http://purl.org/collections/nl/am/t-15459
973	http://purl.org/collections/nl/am/proxy-22792	http://purl.org/collections/nl/am/t-15606
974	http://purl.org/collections/nl/am/proxy-73288	http://purl.org/collections/nl/am/t-14592
975	http://purl.org/collections/nl/am/proxy-53934	http://purl.org/collections/nl/am/t-22503
976	http://purl.org/collections/nl/am/proxy-39568	http://purl.org/collections/nl/am/t-22506
977	http://purl.org/collections/nl/am/proxy-63502	http://purl.org/collections/nl/am/t-5504
978	http://purl.org/collections/nl/am/proxy-39093	http://purl.org/collections/nl/am/t-22506
979	http://purl.org/collections/nl/am/proxy-48945	http://purl.org/collections/nl/am/t-22504
980	http://purl.org/collections/nl/am/proxy-21595	http://purl.org/collections/nl/am/t-15606
981	http://purl.org/collections/nl/am/proxy-52003	http://purl.org/collections/nl/am/t-22503
982	http://purl.org/collections/nl/am/proxy-10363	http://purl.org/collections/nl/am/t-22508
983	http://purl.org/collections/nl/am/proxy-9920	http://purl.org/collections/nl/am/t-5504
984	http://purl.org/collections/nl/am/proxy-45677	http://purl.org/collections/nl/am/t-14592
985	http://purl.org/collections/nl/am/proxy-25014	http://purl.org/collections/nl/am/t-5504
986	http://purl.org/collections/nl/am/proxy-73186	http://purl.org/collections/nl/am/t-14592
987	http://purl.org/collections/nl/am/proxy-42208	http://purl.org/collections/nl/am/t-22503
988	http://purl.org/collections/nl/am/proxy-47054	http://purl.org/collections/nl/am/t-22503
989	http://purl.org/collections/nl/am/proxy-72246	http://purl.org/collections/nl/am/t-22503
990	http://purl.org/collections/nl/am/proxy-57788	http://purl.org/collections/nl/am/t-22503
991	http://purl.org/collections/nl/am/proxy-20501	http://purl.org/collections/nl/am/t-15579
992	http://purl.org/collections/nl/am/proxy-18818	http://purl.org/collections/nl/am/t-15579
993	http://purl.org/collections/nl/am/proxy-1835	http://purl.org/collections/nl/am/t-22503
994	http://purl.org/collections/nl/am/proxy-2174	http://purl.org/collections/nl/am/t-22503
995	http://purl.org/collections/nl/am/proxy-27038	http://purl.org/collections/nl/am/t-5504
996	http://purl.org/collections/nl/am/proxy-8065	http://purl.org/collections/nl/am/t-15606
997	http://purl.org/collections/nl/am/proxy-65142	http://purl.org/collections/nl/am/t-22503
998	http://purl.org/collections/nl/am/proxy-26821	http://purl.org/collections/nl/am/t-5504
999	http://purl.org/collections/nl/am/proxy-70805	http://purl.org/collections/nl/am/t-22503
1000	http://purl.org/collections/nl/am/proxy-21975	http://purl.org/collections/nl/am/t-5504