proxy	id	label_cateogory
http://purl.org/collections/nl/am/proxy-69550	1.0	http://purl.org/collections/nl/am/t-22503
http://purl.org/collections/nl/am/proxy-6266	2.0	http://purl.org/collections/nl/am/t-15459
http://purl.org/collections/nl/am/proxy-47358	3.0	http://purl.org/collections/nl/am/t-22503
http://purl.org/collections/nl/am/proxy-24708	5.0	http://purl.org/collections/nl/am/t-15579
http://purl.org/collections/nl/am/proxy-54032	7.0	http://purl.org/collections/nl/am/t-22503
http://purl.org/collections/nl/am/proxy-27766	8.0	http://purl.org/collections/nl/am/t-5504
http://purl.org/collections/nl/am/proxy-46020	9.0	http://purl.org/collections/nl/am/t-14592
http://purl.org/collections/nl/am/proxy-48140	10.0	http://purl.org/collections/nl/am/t-22504
http://purl.org/collections/nl/am/proxy-57926	11.0	http://purl.org/collections/nl/am/t-22503
http://purl.org/collections/nl/am/proxy-8521	12.0	http://purl.org/collections/nl/am/t-15606
http://purl.org/collections/nl/am/proxy-69329	13.0	http://purl.org/collections/nl/am/t-22503
http://purl.org/collections/nl/am/proxy-39878	14.0	http://purl.org/collections/nl/am/t-22505
http://purl.org/collections/nl/am/proxy-43647	15.0	http://purl.org/collections/nl/am/t-22505
http://purl.org/collections/nl/am/proxy-3171	16.0	http://purl.org/collections/nl/am/t-22503
http://purl.org/collections/nl/am/proxy-8799	17.0	http://purl.org/collections/nl/am/t-15606
http://purl.org/collections/nl/am/proxy-48798	18.0	http://purl.org/collections/nl/am/t-22504
http://purl.org/collections/nl/am/proxy-477	19.0	http://purl.org/collections/nl/am/t-22503
http://purl.org/collections/nl/am/proxy-10993	20.0	http://purl.org/collections/nl/am/t-22508
http://purl.org/collections/nl/am/proxy-57169	21.0	http://purl.org/collections/nl/am/t-22503
http://purl.org/collections/nl/am/proxy-41494	22.0	http://purl.org/collections/nl/am/t-22505
http://purl.org/collections/nl/am/proxy-27880	23.0	http://purl.org/collections/nl/am/t-15579
http://purl.org/collections/nl/am/proxy-73781	24.0	http://purl.org/collections/nl/am/t-15459
http://purl.org/collections/nl/am/proxy-38695	25.0	http://purl.org/collections/nl/am/t-22506
http://purl.org/collections/nl/am/proxy-27212	26.0	http://purl.org/collections/nl/am/t-5504
http://purl.org/collections/nl/am/proxy-40374	27.0	http://purl.org/collections/nl/am/t-22505
http://purl.org/collections/nl/am/proxy-37383	28.0	http://purl.org/collections/nl/am/t-22506
http://purl.org/collections/nl/am/proxy-10996	29.0	http://purl.org/collections/nl/am/t-22508
http://purl.org/collections/nl/am/proxy-66706	30.0	http://purl.org/collections/nl/am/t-5504
http://purl.org/collections/nl/am/proxy-59884	31.0	http://purl.org/collections/nl/am/t-22503
http://purl.org/collections/nl/am/proxy-12385	32.0	http://purl.org/collections/nl/am/t-15606
http://purl.org/collections/nl/am/proxy-15801	33.0	http://purl.org/collections/nl/am/t-5504
http://purl.org/collections/nl/am/proxy-23221	34.0	http://purl.org/collections/nl/am/t-15579
http://purl.org/collections/nl/am/proxy-52502	36.0	http://purl.org/collections/nl/am/t-22503
http://purl.org/collections/nl/am/proxy-65743	38.0	http://purl.org/collections/nl/am/t-22503
http://purl.org/collections/nl/am/proxy-66666	41.0	http://purl.org/collections/nl/am/t-15579
http://purl.org/collections/nl/am/proxy-27666	43.0	http://purl.org/collections/nl/am/t-15579
http://purl.org/collections/nl/am/proxy-3815	44.0	http://purl.org/collections/nl/am/t-22503
http://purl.org/collections/nl/am/proxy-28862	45.0	http://purl.org/collections/nl/am/t-15579
http://purl.org/collections/nl/am/proxy-42808	46.0	http://purl.org/collections/nl/am/t-22505
http://purl.org/collections/nl/am/proxy-2360	47.0	http://purl.org/collections/nl/am/t-22503
http://purl.org/collections/nl/am/proxy-38961	48.0	http://purl.org/collections/nl/am/t-22506
http://purl.org/collections/nl/am/proxy-62646	49.0	http://purl.org/collections/nl/am/t-22503
http://purl.org/collections/nl/am/proxy-7365	50.0	http://purl.org/collections/nl/am/t-15606
http://purl.org/collections/nl/am/proxy-74110	52.0	http://purl.org/collections/nl/am/t-22504
http://purl.org/collections/nl/am/proxy-31534	53.0	http://purl.org/collections/nl/am/t-5504
http://purl.org/collections/nl/am/proxy-25361	54.0	http://purl.org/collections/nl/am/t-15459
http://purl.org/collections/nl/am/proxy-70664	56.0	http://purl.org/collections/nl/am/t-22503
http://purl.org/collections/nl/am/proxy-49237	57.0	http://purl.org/collections/nl/am/t-22504
http://purl.org/collections/nl/am/proxy-38239	58.0	http://purl.org/collections/nl/am/t-22506
http://purl.org/collections/nl/am/proxy-72323	59.0	http://purl.org/collections/nl/am/t-22503
http://purl.org/collections/nl/am/proxy-30060	61.0	http://purl.org/collections/nl/am/t-15459
http://purl.org/collections/nl/am/proxy-54477	62.0	http://purl.org/collections/nl/am/t-22503
http://purl.org/collections/nl/am/proxy-14505	63.0	http://purl.org/collections/nl/am/t-15459
http://purl.org/collections/nl/am/proxy-39502	64.0	http://purl.org/collections/nl/am/t-22506
http://purl.org/collections/nl/am/proxy-32645	65.0	http://purl.org/collections/nl/am/t-15606
http://purl.org/collections/nl/am/proxy-12959	66.0	http://purl.org/collections/nl/am/t-15606
http://purl.org/collections/nl/am/proxy-11546	67.0	http://purl.org/collections/nl/am/t-22508
http://purl.org/collections/nl/am/proxy-51646	68.0	http://purl.org/collections/nl/am/t-22503
http://purl.org/collections/nl/am/proxy-49361	70.0	http://purl.org/collections/nl/am/t-22504
http://purl.org/collections/nl/am/proxy-3239	71.0	http://purl.org/collections/nl/am/t-22503
http://purl.org/collections/nl/am/proxy-2362	72.0	http://purl.org/collections/nl/am/t-22503
http://purl.org/collections/nl/am/proxy-31878	73.0	http://purl.org/collections/nl/am/t-15579
http://purl.org/collections/nl/am/proxy-12469	74.0	http://purl.org/collections/nl/am/t-15606
http://purl.org/collections/nl/am/proxy-71827	75.0	http://purl.org/collections/nl/am/t-22503
http://purl.org/collections/nl/am/proxy-62183	76.0	http://purl.org/collections/nl/am/t-22505
http://purl.org/collections/nl/am/proxy-15189	77.0	http://purl.org/collections/nl/am/t-5504
http://purl.org/collections/nl/am/proxy-47291	79.0	http://purl.org/collections/nl/am/t-5504
http://purl.org/collections/nl/am/proxy-16713	80.0	http://purl.org/collections/nl/am/t-22508
http://purl.org/collections/nl/am/proxy-10880	81.0	http://purl.org/collections/nl/am/t-22508
http://purl.org/collections/nl/am/proxy-28809	83.0	http://purl.org/collections/nl/am/t-15579
http://purl.org/collections/nl/am/proxy-61116	84.0	http://purl.org/collections/nl/am/t-22503
http://purl.org/collections/nl/am/proxy-63674	85.0	http://purl.org/collections/nl/am/t-5504
http://purl.org/collections/nl/am/proxy-21487	86.0	http://purl.org/collections/nl/am/t-15579
http://purl.org/collections/nl/am/proxy-65535	87.0	http://purl.org/collections/nl/am/t-22503
http://purl.org/collections/nl/am/proxy-19690	88.0	http://purl.org/collections/nl/am/t-15459
http://purl.org/collections/nl/am/proxy-13765	89.0	http://purl.org/collections/nl/am/t-15606
http://purl.org/collections/nl/am/proxy-8706	90.0	http://purl.org/collections/nl/am/t-15606
http://purl.org/collections/nl/am/proxy-40732	91.0	http://purl.org/collections/nl/am/t-22505
http://purl.org/collections/nl/am/proxy-48842	92.0	http://purl.org/collections/nl/am/t-22505
http://purl.org/collections/nl/am/proxy-49305	93.0	http://purl.org/collections/nl/am/t-22504
http://purl.org/collections/nl/am/proxy-1325	95.0	http://purl.org/collections/nl/am/t-22503
http://purl.org/collections/nl/am/proxy-68630	96.0	http://purl.org/collections/nl/am/t-14592
http://purl.org/collections/nl/am/proxy-62185	97.0	http://purl.org/collections/nl/am/t-22505
http://purl.org/collections/nl/am/proxy-27009	98.0	http://purl.org/collections/nl/am/t-15459
http://purl.org/collections/nl/am/proxy-21603	99.0	http://purl.org/collections/nl/am/t-15459
http://purl.org/collections/nl/am/proxy-14263	100.0	http://purl.org/collections/nl/am/t-5504
http://purl.org/collections/nl/am/proxy-23640	101.0	http://purl.org/collections/nl/am/t-15579
http://purl.org/collections/nl/am/proxy-65598	102.0	http://purl.org/collections/nl/am/t-22503
http://purl.org/collections/nl/am/proxy-33278	103.0	http://purl.org/collections/nl/am/t-5504
http://purl.org/collections/nl/am/proxy-344	104.0	http://purl.org/collections/nl/am/t-22503
http://purl.org/collections/nl/am/proxy-57176	105.0	http://purl.org/collections/nl/am/t-22503
http://purl.org/collections/nl/am/proxy-7537	106.0	http://purl.org/collections/nl/am/t-15579
http://purl.org/collections/nl/am/proxy-41891	108.0	http://purl.org/collections/nl/am/t-22505
http://purl.org/collections/nl/am/proxy-47123	109.0	http://purl.org/collections/nl/am/t-5504
http://purl.org/collections/nl/am/proxy-50378	110.0	http://purl.org/collections/nl/am/t-22503
http://purl.org/collections/nl/am/proxy-74861	112.0	http://purl.org/collections/nl/am/t-5504
http://purl.org/collections/nl/am/proxy-42375	113.0	http://purl.org/collections/nl/am/t-22503
http://purl.org/collections/nl/am/proxy-9781	114.0	http://purl.org/collections/nl/am/t-5504
http://purl.org/collections/nl/am/proxy-31273	115.0	http://purl.org/collections/nl/am/t-5504
http://purl.org/collections/nl/am/proxy-7122	116.0	http://purl.org/collections/nl/am/t-15606
http://purl.org/collections/nl/am/proxy-54269	117.0	http://purl.org/collections/nl/am/t-22503
http://purl.org/collections/nl/am/proxy-32770	118.0	http://purl.org/collections/nl/am/t-22508
http://purl.org/collections/nl/am/proxy-5703	119.0	http://purl.org/collections/nl/am/t-22508
http://purl.org/collections/nl/am/proxy-28438	120.0	http://purl.org/collections/nl/am/t-15579
http://purl.org/collections/nl/am/proxy-31311	121.0	http://purl.org/collections/nl/am/t-5504
http://purl.org/collections/nl/am/proxy-24667	122.0	http://purl.org/collections/nl/am/t-22508
http://purl.org/collections/nl/am/proxy-41409	124.0	http://purl.org/collections/nl/am/t-22505
http://purl.org/collections/nl/am/proxy-8804	125.0	http://purl.org/collections/nl/am/t-15606
http://purl.org/collections/nl/am/proxy-60584	126.0	http://purl.org/collections/nl/am/t-22503
http://purl.org/collections/nl/am/proxy-43617	127.0	http://purl.org/collections/nl/am/t-22505
http://purl.org/collections/nl/am/proxy-47069	128.0	http://purl.org/collections/nl/am/t-22503
http://purl.org/collections/nl/am/proxy-38194	129.0	http://purl.org/collections/nl/am/t-22506
http://purl.org/collections/nl/am/proxy-46066	130.0	http://purl.org/collections/nl/am/t-14592
http://purl.org/collections/nl/am/proxy-39253	131.0	http://purl.org/collections/nl/am/t-22506
http://purl.org/collections/nl/am/proxy-41123	132.0	http://purl.org/collections/nl/am/t-22505
http://purl.org/collections/nl/am/proxy-39300	133.0	http://purl.org/collections/nl/am/t-22506
http://purl.org/collections/nl/am/proxy-74805	138.0	http://purl.org/collections/nl/am/t-5504
http://purl.org/collections/nl/am/proxy-9614	139.0	http://purl.org/collections/nl/am/t-15459
http://purl.org/collections/nl/am/proxy-39782	140.0	http://purl.org/collections/nl/am/t-22505
http://purl.org/collections/nl/am/proxy-70429	142.0	http://purl.org/collections/nl/am/t-22503
http://purl.org/collections/nl/am/proxy-23782	143.0	http://purl.org/collections/nl/am/t-15579
http://purl.org/collections/nl/am/proxy-16467	144.0	http://purl.org/collections/nl/am/t-15459
http://purl.org/collections/nl/am/proxy-55124	145.0	http://purl.org/collections/nl/am/t-22503
http://purl.org/collections/nl/am/proxy-46603	146.0	http://purl.org/collections/nl/am/t-22508
http://purl.org/collections/nl/am/proxy-55283	147.0	http://purl.org/collections/nl/am/t-22503
http://purl.org/collections/nl/am/proxy-57963	149.0	http://purl.org/collections/nl/am/t-22503
http://purl.org/collections/nl/am/proxy-42607	150.0	http://purl.org/collections/nl/am/t-22505
http://purl.org/collections/nl/am/proxy-61003	152.0	http://purl.org/collections/nl/am/t-22503
http://purl.org/collections/nl/am/proxy-12391	153.0	http://purl.org/collections/nl/am/t-15606
http://purl.org/collections/nl/am/proxy-15201	155.0	http://purl.org/collections/nl/am/t-5504
http://purl.org/collections/nl/am/proxy-50978	158.0	http://purl.org/collections/nl/am/t-22503
http://purl.org/collections/nl/am/proxy-13000	159.0	http://purl.org/collections/nl/am/t-15606
http://purl.org/collections/nl/am/proxy-65713	160.0	http://purl.org/collections/nl/am/t-22503
http://purl.org/collections/nl/am/proxy-73854	161.0	http://purl.org/collections/nl/am/t-15579
http://purl.org/collections/nl/am/proxy-71156	162.0	http://purl.org/collections/nl/am/t-22503
http://purl.org/collections/nl/am/proxy-11475	164.0	http://purl.org/collections/nl/am/t-5504
http://purl.org/collections/nl/am/proxy-57721	165.0	http://purl.org/collections/nl/am/t-22503
http://purl.org/collections/nl/am/proxy-62275	166.0	http://purl.org/collections/nl/am/t-22505
http://purl.org/collections/nl/am/proxy-40031	167.0	http://purl.org/collections/nl/am/t-22505
http://purl.org/collections/nl/am/proxy-69392	168.0	http://purl.org/collections/nl/am/t-22503
http://purl.org/collections/nl/am/proxy-61785	169.0	http://purl.org/collections/nl/am/t-22505
http://purl.org/collections/nl/am/proxy-7576	170.0	http://purl.org/collections/nl/am/t-15579
http://purl.org/collections/nl/am/proxy-46277	171.0	http://purl.org/collections/nl/am/t-14592
http://purl.org/collections/nl/am/proxy-71831	172.0	http://purl.org/collections/nl/am/t-22503
http://purl.org/collections/nl/am/proxy-46481	173.0	http://purl.org/collections/nl/am/t-22504
http://purl.org/collections/nl/am/proxy-18718	174.0	http://purl.org/collections/nl/am/t-15579
http://purl.org/collections/nl/am/proxy-68618	175.0	http://purl.org/collections/nl/am/t-14592
http://purl.org/collections/nl/am/proxy-11412	176.0	http://purl.org/collections/nl/am/t-15606
http://purl.org/collections/nl/am/proxy-20273	177.0	http://purl.org/collections/nl/am/t-15606
http://purl.org/collections/nl/am/proxy-62514	179.0	http://purl.org/collections/nl/am/t-22505
http://purl.org/collections/nl/am/proxy-56426	181.0	http://purl.org/collections/nl/am/t-22503
http://purl.org/collections/nl/am/proxy-15091	182.0	http://purl.org/collections/nl/am/t-5504
http://purl.org/collections/nl/am/proxy-39235	183.0	http://purl.org/collections/nl/am/t-22506
http://purl.org/collections/nl/am/proxy-10229	186.0	http://purl.org/collections/nl/am/t-22508
http://purl.org/collections/nl/am/proxy-61184	187.0	http://purl.org/collections/nl/am/t-22503
http://purl.org/collections/nl/am/proxy-60907	188.0	http://purl.org/collections/nl/am/t-22503
http://purl.org/collections/nl/am/proxy-62344	189.0	http://purl.org/collections/nl/am/t-22505
http://purl.org/collections/nl/am/proxy-3991	190.0	http://purl.org/collections/nl/am/t-22503
http://purl.org/collections/nl/am/proxy-19664	191.0	http://purl.org/collections/nl/am/t-15579
http://purl.org/collections/nl/am/proxy-2550	192.0	http://purl.org/collections/nl/am/t-22503
http://purl.org/collections/nl/am/proxy-47909	193.0	http://purl.org/collections/nl/am/t-22503
http://purl.org/collections/nl/am/proxy-61854	195.0	http://purl.org/collections/nl/am/t-22505
http://purl.org/collections/nl/am/proxy-53305	197.0	http://purl.org/collections/nl/am/t-22503
http://purl.org/collections/nl/am/proxy-13556	198.0	http://purl.org/collections/nl/am/t-22507
http://purl.org/collections/nl/am/proxy-14611	199.0	http://purl.org/collections/nl/am/t-5504
http://purl.org/collections/nl/am/proxy-33113	200.0	http://purl.org/collections/nl/am/t-15459
http://purl.org/collections/nl/am/proxy-64208	201.0	http://purl.org/collections/nl/am/t-15606
http://purl.org/collections/nl/am/proxy-16646	203.0	http://purl.org/collections/nl/am/t-15579
http://purl.org/collections/nl/am/proxy-7785	204.0	http://purl.org/collections/nl/am/t-15579
http://purl.org/collections/nl/am/proxy-60452	205.0	http://purl.org/collections/nl/am/t-22503
http://purl.org/collections/nl/am/proxy-31211	207.0	http://purl.org/collections/nl/am/t-15579
http://purl.org/collections/nl/am/proxy-66244	208.0	http://purl.org/collections/nl/am/t-14592
http://purl.org/collections/nl/am/proxy-24477	209.0	http://purl.org/collections/nl/am/t-15579
http://purl.org/collections/nl/am/proxy-57432	210.0	http://purl.org/collections/nl/am/t-22503
http://purl.org/collections/nl/am/proxy-8269	211.0	http://purl.org/collections/nl/am/t-15459
http://purl.org/collections/nl/am/proxy-3765	212.0	http://purl.org/collections/nl/am/t-22503
http://purl.org/collections/nl/am/proxy-24376	213.0	http://purl.org/collections/nl/am/t-5504
http://purl.org/collections/nl/am/proxy-2653	215.0	http://purl.org/collections/nl/am/t-22503
http://purl.org/collections/nl/am/proxy-426	216.0	http://purl.org/collections/nl/am/t-22503
http://purl.org/collections/nl/am/proxy-16782	218.0	http://purl.org/collections/nl/am/t-5504
http://purl.org/collections/nl/am/proxy-4274	219.0	http://purl.org/collections/nl/am/t-22503
http://purl.org/collections/nl/am/proxy-61755	220.0	http://purl.org/collections/nl/am/t-22503
http://purl.org/collections/nl/am/proxy-71788	221.0	http://purl.org/collections/nl/am/t-22503
http://purl.org/collections/nl/am/proxy-53545	222.0	http://purl.org/collections/nl/am/t-22503
http://purl.org/collections/nl/am/proxy-47497	223.0	http://purl.org/collections/nl/am/t-5504
http://purl.org/collections/nl/am/proxy-40607	225.0	http://purl.org/collections/nl/am/t-22505
http://purl.org/collections/nl/am/proxy-63200	227.0	http://purl.org/collections/nl/am/t-22503
http://purl.org/collections/nl/am/proxy-33046	228.0	http://purl.org/collections/nl/am/t-22507
http://purl.org/collections/nl/am/proxy-42392	231.0	http://purl.org/collections/nl/am/t-22505
http://purl.org/collections/nl/am/proxy-11620	232.0	http://purl.org/collections/nl/am/t-22508
http://purl.org/collections/nl/am/proxy-51522	233.0	http://purl.org/collections/nl/am/t-22503
http://purl.org/collections/nl/am/proxy-39894	237.0	http://purl.org/collections/nl/am/t-22505
http://purl.org/collections/nl/am/proxy-30414	238.0	http://purl.org/collections/nl/am/t-15579
http://purl.org/collections/nl/am/proxy-65086	239.0	http://purl.org/collections/nl/am/t-22503
http://purl.org/collections/nl/am/proxy-30450	241.0	http://purl.org/collections/nl/am/t-15459
http://purl.org/collections/nl/am/proxy-69814	242.0	http://purl.org/collections/nl/am/t-22503
http://purl.org/collections/nl/am/proxy-62485	245.0	http://purl.org/collections/nl/am/t-22505
http://purl.org/collections/nl/am/proxy-42844	246.0	http://purl.org/collections/nl/am/t-22505
http://purl.org/collections/nl/am/proxy-4757	247.0	http://purl.org/collections/nl/am/t-22507
http://purl.org/collections/nl/am/proxy-37755	248.0	http://purl.org/collections/nl/am/t-22506
http://purl.org/collections/nl/am/proxy-12669	250.0	http://purl.org/collections/nl/am/t-15606
http://purl.org/collections/nl/am/proxy-70	251.0	http://purl.org/collections/nl/am/t-22503
http://purl.org/collections/nl/am/proxy-65368	252.0	http://purl.org/collections/nl/am/t-22503
http://purl.org/collections/nl/am/proxy-50281	253.0	http://purl.org/collections/nl/am/t-22503
http://purl.org/collections/nl/am/proxy-12187	254.0	http://purl.org/collections/nl/am/t-5504
http://purl.org/collections/nl/am/proxy-45880	255.0	http://purl.org/collections/nl/am/t-14592
http://purl.org/collections/nl/am/proxy-47948	256.0	http://purl.org/collections/nl/am/t-22503
http://purl.org/collections/nl/am/proxy-38275	257.0	http://purl.org/collections/nl/am/t-22506
http://purl.org/collections/nl/am/proxy-51297	258.0	http://purl.org/collections/nl/am/t-22503
http://purl.org/collections/nl/am/proxy-21338	259.0	http://purl.org/collections/nl/am/t-15579
http://purl.org/collections/nl/am/proxy-37926	260.0	http://purl.org/collections/nl/am/t-22506
http://purl.org/collections/nl/am/proxy-60660	261.0	http://purl.org/collections/nl/am/t-22503
http://purl.org/collections/nl/am/proxy-53031	262.0	http://purl.org/collections/nl/am/t-22503
http://purl.org/collections/nl/am/proxy-71900	263.0	http://purl.org/collections/nl/am/t-22503
http://purl.org/collections/nl/am/proxy-14204	264.0	http://purl.org/collections/nl/am/t-5504
http://purl.org/collections/nl/am/proxy-113	265.0	http://purl.org/collections/nl/am/t-22503
http://purl.org/collections/nl/am/proxy-57187	266.0	http://purl.org/collections/nl/am/t-22503
http://purl.org/collections/nl/am/proxy-57402	268.0	http://purl.org/collections/nl/am/t-22503
http://purl.org/collections/nl/am/proxy-49753	269.0	http://purl.org/collections/nl/am/t-22503
http://purl.org/collections/nl/am/proxy-26166	270.0	http://purl.org/collections/nl/am/t-15579
http://purl.org/collections/nl/am/proxy-14754	272.0	http://purl.org/collections/nl/am/t-15606
http://purl.org/collections/nl/am/proxy-4651	274.0	http://purl.org/collections/nl/am/t-22507
http://purl.org/collections/nl/am/proxy-28914	275.0	http://purl.org/collections/nl/am/t-15579
http://purl.org/collections/nl/am/proxy-58106	276.0	http://purl.org/collections/nl/am/t-22503
http://purl.org/collections/nl/am/proxy-2876	278.0	http://purl.org/collections/nl/am/t-22503
http://purl.org/collections/nl/am/proxy-60914	279.0	http://purl.org/collections/nl/am/t-22503
http://purl.org/collections/nl/am/proxy-12088	280.0	http://purl.org/collections/nl/am/t-22508
http://purl.org/collections/nl/am/proxy-40179	281.0	http://purl.org/collections/nl/am/t-22505
http://purl.org/collections/nl/am/proxy-61633	282.0	http://purl.org/collections/nl/am/t-22503
http://purl.org/collections/nl/am/proxy-19173	283.0	http://purl.org/collections/nl/am/t-15579
http://purl.org/collections/nl/am/proxy-1815	284.0	http://purl.org/collections/nl/am/t-22503
http://purl.org/collections/nl/am/proxy-67863	285.0	http://purl.org/collections/nl/am/t-14592
http://purl.org/collections/nl/am/proxy-64709	287.0	http://purl.org/collections/nl/am/t-15579
http://purl.org/collections/nl/am/proxy-7859	288.0	http://purl.org/collections/nl/am/t-15579
http://purl.org/collections/nl/am/proxy-54875	289.0	http://purl.org/collections/nl/am/t-22503
http://purl.org/collections/nl/am/proxy-38978	290.0	http://purl.org/collections/nl/am/t-22506
http://purl.org/collections/nl/am/proxy-1879	292.0	http://purl.org/collections/nl/am/t-22503
http://purl.org/collections/nl/am/proxy-27886	293.0	http://purl.org/collections/nl/am/t-15579
http://purl.org/collections/nl/am/proxy-49238	294.0	http://purl.org/collections/nl/am/t-22504
http://purl.org/collections/nl/am/proxy-59859	295.0	http://purl.org/collections/nl/am/t-22503
http://purl.org/collections/nl/am/proxy-40427	296.0	http://purl.org/collections/nl/am/t-22505
http://purl.org/collections/nl/am/proxy-65207	297.0	http://purl.org/collections/nl/am/t-22503
http://purl.org/collections/nl/am/proxy-26427	298.0	http://purl.org/collections/nl/am/t-15459
http://purl.org/collections/nl/am/proxy-56813	299.0	http://purl.org/collections/nl/am/t-22503
http://purl.org/collections/nl/am/proxy-29563	300.0	http://purl.org/collections/nl/am/t-5504
http://purl.org/collections/nl/am/proxy-69123	301.0	http://purl.org/collections/nl/am/t-22503
http://purl.org/collections/nl/am/proxy-28266	302.0	http://purl.org/collections/nl/am/t-5504
http://purl.org/collections/nl/am/proxy-59052	303.0	http://purl.org/collections/nl/am/t-22503
http://purl.org/collections/nl/am/proxy-63408	304.0	http://purl.org/collections/nl/am/t-22503
http://purl.org/collections/nl/am/proxy-71686	305.0	http://purl.org/collections/nl/am/t-22503
http://purl.org/collections/nl/am/proxy-51136	306.0	http://purl.org/collections/nl/am/t-22503
http://purl.org/collections/nl/am/proxy-14726	307.0	http://purl.org/collections/nl/am/t-15606
http://purl.org/collections/nl/am/proxy-33177	308.0	http://purl.org/collections/nl/am/t-5504
http://purl.org/collections/nl/am/proxy-22271	309.0	http://purl.org/collections/nl/am/t-15579
http://purl.org/collections/nl/am/proxy-1188	310.0	http://purl.org/collections/nl/am/t-22503
http://purl.org/collections/nl/am/proxy-41751	311.0	http://purl.org/collections/nl/am/t-22505
http://purl.org/collections/nl/am/proxy-21222	312.0	http://purl.org/collections/nl/am/t-15579
http://purl.org/collections/nl/am/proxy-71310	313.0	http://purl.org/collections/nl/am/t-22503
http://purl.org/collections/nl/am/proxy-7471	314.0	http://purl.org/collections/nl/am/t-15579
http://purl.org/collections/nl/am/proxy-33306	315.0	http://purl.org/collections/nl/am/t-5504
http://purl.org/collections/nl/am/proxy-44814	316.0	http://purl.org/collections/nl/am/t-5504
http://purl.org/collections/nl/am/proxy-47364	317.0	http://purl.org/collections/nl/am/t-5504
http://purl.org/collections/nl/am/proxy-60955	318.0	http://purl.org/collections/nl/am/t-22503
http://purl.org/collections/nl/am/proxy-21787	320.0	http://purl.org/collections/nl/am/t-15579
http://purl.org/collections/nl/am/proxy-45728	321.0	http://purl.org/collections/nl/am/t-14592
http://purl.org/collections/nl/am/proxy-4140	323.0	http://purl.org/collections/nl/am/t-22503
http://purl.org/collections/nl/am/proxy-69639	324.0	http://purl.org/collections/nl/am/t-22503
http://purl.org/collections/nl/am/proxy-18988	325.0	http://purl.org/collections/nl/am/t-15606
http://purl.org/collections/nl/am/proxy-29638	326.0	http://purl.org/collections/nl/am/t-15579
http://purl.org/collections/nl/am/proxy-62353	327.0	http://purl.org/collections/nl/am/t-22505
http://purl.org/collections/nl/am/proxy-12252	328.0	http://purl.org/collections/nl/am/t-15606
http://purl.org/collections/nl/am/proxy-3141	329.0	http://purl.org/collections/nl/am/t-22503
http://purl.org/collections/nl/am/proxy-16537	330.0	http://purl.org/collections/nl/am/t-5504
http://purl.org/collections/nl/am/proxy-64274	331.0	http://purl.org/collections/nl/am/t-22505
http://purl.org/collections/nl/am/proxy-73450	334.0	http://purl.org/collections/nl/am/t-22505
http://purl.org/collections/nl/am/proxy-32873	335.0	http://purl.org/collections/nl/am/t-22508
http://purl.org/collections/nl/am/proxy-73864	337.0	http://purl.org/collections/nl/am/t-15606
http://purl.org/collections/nl/am/proxy-21649	338.0	http://purl.org/collections/nl/am/t-15579
http://purl.org/collections/nl/am/proxy-3533	339.0	http://purl.org/collections/nl/am/t-22503
http://purl.org/collections/nl/am/proxy-51094	340.0	http://purl.org/collections/nl/am/t-22503
http://purl.org/collections/nl/am/proxy-10235	341.0	http://purl.org/collections/nl/am/t-22508
http://purl.org/collections/nl/am/proxy-14020	342.0	http://purl.org/collections/nl/am/t-5504
http://purl.org/collections/nl/am/proxy-50696	343.0	http://purl.org/collections/nl/am/t-22504
http://purl.org/collections/nl/am/proxy-14720	344.0	http://purl.org/collections/nl/am/t-15606
http://purl.org/collections/nl/am/proxy-72156	345.0	http://purl.org/collections/nl/am/t-22503
http://purl.org/collections/nl/am/proxy-50674	346.0	http://purl.org/collections/nl/am/t-22506
http://purl.org/collections/nl/am/proxy-47409	347.0	http://purl.org/collections/nl/am/t-5504
http://purl.org/collections/nl/am/proxy-23404	348.0	http://purl.org/collections/nl/am/t-22508
http://purl.org/collections/nl/am/proxy-58525	349.0	http://purl.org/collections/nl/am/t-5504
http://purl.org/collections/nl/am/proxy-73766	350.0	http://purl.org/collections/nl/am/t-15579
http://purl.org/collections/nl/am/proxy-71028	352.0	http://purl.org/collections/nl/am/t-22503
http://purl.org/collections/nl/am/proxy-50433	353.0	http://purl.org/collections/nl/am/t-22503
http://purl.org/collections/nl/am/proxy-1882	354.0	http://purl.org/collections/nl/am/t-22503
http://purl.org/collections/nl/am/proxy-53658	356.0	http://purl.org/collections/nl/am/t-22503
http://purl.org/collections/nl/am/proxy-2264	357.0	http://purl.org/collections/nl/am/t-22503
http://purl.org/collections/nl/am/proxy-52174	358.0	http://purl.org/collections/nl/am/t-22503
http://purl.org/collections/nl/am/proxy-32169	359.0	http://purl.org/collections/nl/am/t-15579
http://purl.org/collections/nl/am/proxy-3042	360.0	http://purl.org/collections/nl/am/t-22503
http://purl.org/collections/nl/am/proxy-28291	361.0	http://purl.org/collections/nl/am/t-5504
http://purl.org/collections/nl/am/proxy-26353	363.0	http://purl.org/collections/nl/am/t-15459
http://purl.org/collections/nl/am/proxy-10237	364.0	http://purl.org/collections/nl/am/t-22508
http://purl.org/collections/nl/am/proxy-19559	365.0	http://purl.org/collections/nl/am/t-15579
http://purl.org/collections/nl/am/proxy-30068	366.0	http://purl.org/collections/nl/am/t-5504
http://purl.org/collections/nl/am/proxy-9314	367.0	http://purl.org/collections/nl/am/t-5504
http://purl.org/collections/nl/am/proxy-71944	368.0	http://purl.org/collections/nl/am/t-22503
http://purl.org/collections/nl/am/proxy-361	371.0	http://purl.org/collections/nl/am/t-22503
http://purl.org/collections/nl/am/proxy-53214	372.0	http://purl.org/collections/nl/am/t-22503
http://purl.org/collections/nl/am/proxy-24843	373.0	http://purl.org/collections/nl/am/t-15459
http://purl.org/collections/nl/am/proxy-6634	374.0	http://purl.org/collections/nl/am/t-15606
http://purl.org/collections/nl/am/proxy-51692	375.0	http://purl.org/collections/nl/am/t-22503
http://purl.org/collections/nl/am/proxy-39111	376.0	http://purl.org/collections/nl/am/t-22506
http://purl.org/collections/nl/am/proxy-68367	378.0	http://purl.org/collections/nl/am/t-14592
http://purl.org/collections/nl/am/proxy-28589	379.0	http://purl.org/collections/nl/am/t-22508
http://purl.org/collections/nl/am/proxy-20665	380.0	http://purl.org/collections/nl/am/t-15459
http://purl.org/collections/nl/am/proxy-32577	381.0	http://purl.org/collections/nl/am/t-15606
http://purl.org/collections/nl/am/proxy-53797	382.0	http://purl.org/collections/nl/am/t-22503
http://purl.org/collections/nl/am/proxy-8282	383.0	http://purl.org/collections/nl/am/t-22507
http://purl.org/collections/nl/am/proxy-31368	384.0	http://purl.org/collections/nl/am/t-15579
http://purl.org/collections/nl/am/proxy-14122	385.0	http://purl.org/collections/nl/am/t-5504
http://purl.org/collections/nl/am/proxy-33399	386.0	http://purl.org/collections/nl/am/t-14592
http://purl.org/collections/nl/am/proxy-26557	389.0	http://purl.org/collections/nl/am/t-15459
http://purl.org/collections/nl/am/proxy-72236	390.0	http://purl.org/collections/nl/am/t-22503
http://purl.org/collections/nl/am/proxy-24878	391.0	http://purl.org/collections/nl/am/t-22508
http://purl.org/collections/nl/am/proxy-32877	393.0	http://purl.org/collections/nl/am/t-22508
http://purl.org/collections/nl/am/proxy-66220	394.0	http://purl.org/collections/nl/am/t-14592
http://purl.org/collections/nl/am/proxy-28663	395.0	http://purl.org/collections/nl/am/t-5504
http://purl.org/collections/nl/am/proxy-41263	396.0	http://purl.org/collections/nl/am/t-22505
http://purl.org/collections/nl/am/proxy-20905	397.0	http://purl.org/collections/nl/am/t-15459
http://purl.org/collections/nl/am/proxy-30688	398.0	http://purl.org/collections/nl/am/t-22508
http://purl.org/collections/nl/am/proxy-5779	399.0	http://purl.org/collections/nl/am/t-22506
http://purl.org/collections/nl/am/proxy-73268	400.0	http://purl.org/collections/nl/am/t-14592
http://purl.org/collections/nl/am/proxy-67057	403.0	http://purl.org/collections/nl/am/t-5504
http://purl.org/collections/nl/am/proxy-69371	404.0	http://purl.org/collections/nl/am/t-22503
http://purl.org/collections/nl/am/proxy-20871	405.0	http://purl.org/collections/nl/am/t-5504
http://purl.org/collections/nl/am/proxy-28421	406.0	http://purl.org/collections/nl/am/t-15579
http://purl.org/collections/nl/am/proxy-21334	407.0	http://purl.org/collections/nl/am/t-15579
http://purl.org/collections/nl/am/proxy-32031	408.0	http://purl.org/collections/nl/am/t-15579
http://purl.org/collections/nl/am/proxy-51002	409.0	http://purl.org/collections/nl/am/t-22503
http://purl.org/collections/nl/am/proxy-28273	410.0	http://purl.org/collections/nl/am/t-15579
http://purl.org/collections/nl/am/proxy-38768	411.0	http://purl.org/collections/nl/am/t-22506
http://purl.org/collections/nl/am/proxy-56565	412.0	http://purl.org/collections/nl/am/t-22503
http://purl.org/collections/nl/am/proxy-44922	416.0	http://purl.org/collections/nl/am/t-14592
http://purl.org/collections/nl/am/proxy-65062	417.0	http://purl.org/collections/nl/am/t-22503
http://purl.org/collections/nl/am/proxy-27177	419.0	http://purl.org/collections/nl/am/t-15606
http://purl.org/collections/nl/am/proxy-62459	420.0	http://purl.org/collections/nl/am/t-22505
http://purl.org/collections/nl/am/proxy-51236	422.0	http://purl.org/collections/nl/am/t-22503
http://purl.org/collections/nl/am/proxy-42785	423.0	http://purl.org/collections/nl/am/t-22505
http://purl.org/collections/nl/am/proxy-28193	425.0	http://purl.org/collections/nl/am/t-15579
http://purl.org/collections/nl/am/proxy-64635	426.0	http://purl.org/collections/nl/am/t-22508
http://purl.org/collections/nl/am/proxy-58242	427.0	http://purl.org/collections/nl/am/t-22503
http://purl.org/collections/nl/am/proxy-46429	428.0	http://purl.org/collections/nl/am/t-22504
http://purl.org/collections/nl/am/proxy-7339	429.0	http://purl.org/collections/nl/am/t-15606
http://purl.org/collections/nl/am/proxy-33252	430.0	http://purl.org/collections/nl/am/t-15579
http://purl.org/collections/nl/am/proxy-72859	431.0	http://purl.org/collections/nl/am/t-22504
http://purl.org/collections/nl/am/proxy-32841	432.0	http://purl.org/collections/nl/am/t-22508
http://purl.org/collections/nl/am/proxy-40424	433.0	http://purl.org/collections/nl/am/t-22505
http://purl.org/collections/nl/am/proxy-41588	434.0	http://purl.org/collections/nl/am/t-22505
http://purl.org/collections/nl/am/proxy-18545	435.0	http://purl.org/collections/nl/am/t-15579
http://purl.org/collections/nl/am/proxy-20039	436.0	http://purl.org/collections/nl/am/t-15579
http://purl.org/collections/nl/am/proxy-6839	437.0	http://purl.org/collections/nl/am/t-15606
http://purl.org/collections/nl/am/proxy-58101	439.0	http://purl.org/collections/nl/am/t-22503
http://purl.org/collections/nl/am/proxy-38970	440.0	http://purl.org/collections/nl/am/t-22506
http://purl.org/collections/nl/am/proxy-58972	441.0	http://purl.org/collections/nl/am/t-22503
http://purl.org/collections/nl/am/proxy-73737	443.0	http://purl.org/collections/nl/am/t-15579
http://purl.org/collections/nl/am/proxy-15913	444.0	http://purl.org/collections/nl/am/t-5504
http://purl.org/collections/nl/am/proxy-74849	445.0	http://purl.org/collections/nl/am/t-5504
http://purl.org/collections/nl/am/proxy-24695	446.0	http://purl.org/collections/nl/am/t-15579
http://purl.org/collections/nl/am/proxy-24774	447.0	http://purl.org/collections/nl/am/t-5504
http://purl.org/collections/nl/am/proxy-46073	448.0	http://purl.org/collections/nl/am/t-14592
http://purl.org/collections/nl/am/proxy-48850	449.0	http://purl.org/collections/nl/am/t-22505
http://purl.org/collections/nl/am/proxy-33401	450.0	http://purl.org/collections/nl/am/t-14592
http://purl.org/collections/nl/am/proxy-69398	451.0	http://purl.org/collections/nl/am/t-22503
http://purl.org/collections/nl/am/proxy-711	452.0	http://purl.org/collections/nl/am/t-22503
http://purl.org/collections/nl/am/proxy-1713	453.0	http://purl.org/collections/nl/am/t-22503
http://purl.org/collections/nl/am/proxy-59474	454.0	http://purl.org/collections/nl/am/t-22503
http://purl.org/collections/nl/am/proxy-31224	456.0	http://purl.org/collections/nl/am/t-22508
http://purl.org/collections/nl/am/proxy-27017	457.0	http://purl.org/collections/nl/am/t-15459
http://purl.org/collections/nl/am/proxy-5785	458.0	http://purl.org/collections/nl/am/t-5504
http://purl.org/collections/nl/am/proxy-5504	459.0	http://purl.org/collections/nl/am/t-22508
http://purl.org/collections/nl/am/proxy-57863	460.0	http://purl.org/collections/nl/am/t-22503
http://purl.org/collections/nl/am/proxy-33117	461.0	http://purl.org/collections/nl/am/t-15459
http://purl.org/collections/nl/am/proxy-57867	463.0	http://purl.org/collections/nl/am/t-22503
http://purl.org/collections/nl/am/proxy-66813	464.0	http://purl.org/collections/nl/am/t-22508
http://purl.org/collections/nl/am/proxy-48192	465.0	http://purl.org/collections/nl/am/t-15606
http://purl.org/collections/nl/am/proxy-607	466.0	http://purl.org/collections/nl/am/t-22503
http://purl.org/collections/nl/am/proxy-11692	467.0	http://purl.org/collections/nl/am/t-22508
http://purl.org/collections/nl/am/proxy-15776	468.0	http://purl.org/collections/nl/am/t-5504
http://purl.org/collections/nl/am/proxy-26048	469.0	http://purl.org/collections/nl/am/t-5504
http://purl.org/collections/nl/am/proxy-11209	470.0	http://purl.org/collections/nl/am/t-15459
http://purl.org/collections/nl/am/proxy-9203	472.0	http://purl.org/collections/nl/am/t-5504
http://purl.org/collections/nl/am/proxy-65937	473.0	http://purl.org/collections/nl/am/t-22503
http://purl.org/collections/nl/am/proxy-70401	474.0	http://purl.org/collections/nl/am/t-22503
http://purl.org/collections/nl/am/proxy-73739	475.0	http://purl.org/collections/nl/am/t-15579
http://purl.org/collections/nl/am/proxy-38778	476.0	http://purl.org/collections/nl/am/t-22506
http://purl.org/collections/nl/am/proxy-53420	477.0	http://purl.org/collections/nl/am/t-22503
http://purl.org/collections/nl/am/proxy-60949	478.0	http://purl.org/collections/nl/am/t-22503
http://purl.org/collections/nl/am/proxy-59936	479.0	http://purl.org/collections/nl/am/t-22503
http://purl.org/collections/nl/am/proxy-63546	482.0	http://purl.org/collections/nl/am/t-5504
http://purl.org/collections/nl/am/proxy-3128	483.0	http://purl.org/collections/nl/am/t-5504
http://purl.org/collections/nl/am/proxy-27281	486.0	http://purl.org/collections/nl/am/t-15606
http://purl.org/collections/nl/am/proxy-1165	487.0	http://purl.org/collections/nl/am/t-22503
http://purl.org/collections/nl/am/proxy-55167	488.0	http://purl.org/collections/nl/am/t-22503
http://purl.org/collections/nl/am/proxy-29152	490.0	http://purl.org/collections/nl/am/t-5504
http://purl.org/collections/nl/am/proxy-63581	493.0	http://purl.org/collections/nl/am/t-22505
http://purl.org/collections/nl/am/proxy-6946	495.0	http://purl.org/collections/nl/am/t-15606
http://purl.org/collections/nl/am/proxy-50387	496.0	http://purl.org/collections/nl/am/t-22503
http://purl.org/collections/nl/am/proxy-55653	498.0	http://purl.org/collections/nl/am/t-22503
http://purl.org/collections/nl/am/proxy-42399	499.0	http://purl.org/collections/nl/am/t-22505
http://purl.org/collections/nl/am/proxy-9269	500.0	http://purl.org/collections/nl/am/t-5504
http://purl.org/collections/nl/am/proxy-10311	501.0	http://purl.org/collections/nl/am/t-22508
http://purl.org/collections/nl/am/proxy-10105	502.0	http://purl.org/collections/nl/am/t-22508
http://purl.org/collections/nl/am/proxy-53814	503.0	http://purl.org/collections/nl/am/t-22503
http://purl.org/collections/nl/am/proxy-38539	504.0	http://purl.org/collections/nl/am/t-22506
http://purl.org/collections/nl/am/proxy-42291	505.0	http://purl.org/collections/nl/am/t-22503
http://purl.org/collections/nl/am/proxy-52182	506.0	http://purl.org/collections/nl/am/t-22503
http://purl.org/collections/nl/am/proxy-63054	507.0	http://purl.org/collections/nl/am/t-22503
http://purl.org/collections/nl/am/proxy-30605	508.0	http://purl.org/collections/nl/am/t-15606
http://purl.org/collections/nl/am/proxy-37413	509.0	http://purl.org/collections/nl/am/t-22506
http://purl.org/collections/nl/am/proxy-9232	510.0	http://purl.org/collections/nl/am/t-5504
http://purl.org/collections/nl/am/proxy-10555	511.0	http://purl.org/collections/nl/am/t-22508
http://purl.org/collections/nl/am/proxy-72105	513.0	http://purl.org/collections/nl/am/t-22503
http://purl.org/collections/nl/am/proxy-42984	514.0	http://purl.org/collections/nl/am/t-22505
http://purl.org/collections/nl/am/proxy-32621	515.0	http://purl.org/collections/nl/am/t-15606
http://purl.org/collections/nl/am/proxy-7156	517.0	http://purl.org/collections/nl/am/t-15606
http://purl.org/collections/nl/am/proxy-23306	518.0	http://purl.org/collections/nl/am/t-15579
http://purl.org/collections/nl/am/proxy-51193	519.0	http://purl.org/collections/nl/am/t-22503
http://purl.org/collections/nl/am/proxy-58502	520.0	http://purl.org/collections/nl/am/t-22503
http://purl.org/collections/nl/am/proxy-13048	521.0	http://purl.org/collections/nl/am/t-15606
http://purl.org/collections/nl/am/proxy-46937	522.0	http://purl.org/collections/nl/am/t-15579
http://purl.org/collections/nl/am/proxy-45168	523.0	http://purl.org/collections/nl/am/t-14592
http://purl.org/collections/nl/am/proxy-31991	524.0	http://purl.org/collections/nl/am/t-15579
http://purl.org/collections/nl/am/proxy-65864	525.0	http://purl.org/collections/nl/am/t-22503
http://purl.org/collections/nl/am/proxy-52252	526.0	http://purl.org/collections/nl/am/t-22503
http://purl.org/collections/nl/am/proxy-21169	527.0	http://purl.org/collections/nl/am/t-15579
http://purl.org/collections/nl/am/proxy-69025	528.0	http://purl.org/collections/nl/am/t-14592
http://purl.org/collections/nl/am/proxy-3908	529.0	http://purl.org/collections/nl/am/t-22503
http://purl.org/collections/nl/am/proxy-32092	530.0	http://purl.org/collections/nl/am/t-15579
http://purl.org/collections/nl/am/proxy-57908	531.0	http://purl.org/collections/nl/am/t-22503
http://purl.org/collections/nl/am/proxy-47871	533.0	http://purl.org/collections/nl/am/t-22503
http://purl.org/collections/nl/am/proxy-54775	534.0	http://purl.org/collections/nl/am/t-22503
http://purl.org/collections/nl/am/proxy-60988	535.0	http://purl.org/collections/nl/am/t-22503
http://purl.org/collections/nl/am/proxy-66887	536.0	http://purl.org/collections/nl/am/t-5504
http://purl.org/collections/nl/am/proxy-8668	537.0	http://purl.org/collections/nl/am/t-15606
http://purl.org/collections/nl/am/proxy-57875	539.0	http://purl.org/collections/nl/am/t-22503
http://purl.org/collections/nl/am/proxy-14620	540.0	http://purl.org/collections/nl/am/t-15606
http://purl.org/collections/nl/am/proxy-24540	541.0	http://purl.org/collections/nl/am/t-5504
http://purl.org/collections/nl/am/proxy-28928	542.0	http://purl.org/collections/nl/am/t-15579
http://purl.org/collections/nl/am/proxy-19234	543.0	http://purl.org/collections/nl/am/t-5504
http://purl.org/collections/nl/am/proxy-20327	544.0	http://purl.org/collections/nl/am/t-15579
http://purl.org/collections/nl/am/proxy-1052	545.0	http://purl.org/collections/nl/am/t-22503
http://purl.org/collections/nl/am/proxy-70623	546.0	http://purl.org/collections/nl/am/t-22503
http://purl.org/collections/nl/am/proxy-69063	547.0	http://purl.org/collections/nl/am/t-15579
http://purl.org/collections/nl/am/proxy-14965	548.0	http://purl.org/collections/nl/am/t-5504
http://purl.org/collections/nl/am/proxy-16550	549.0	http://purl.org/collections/nl/am/t-15606
http://purl.org/collections/nl/am/proxy-64504	552.0	http://purl.org/collections/nl/am/t-15579
http://purl.org/collections/nl/am/proxy-40671	554.0	http://purl.org/collections/nl/am/t-22505
http://purl.org/collections/nl/am/proxy-55837	555.0	http://purl.org/collections/nl/am/t-22503
http://purl.org/collections/nl/am/proxy-29301	557.0	http://purl.org/collections/nl/am/t-15459
http://purl.org/collections/nl/am/proxy-60001	558.0	http://purl.org/collections/nl/am/t-22503
http://purl.org/collections/nl/am/proxy-73744	559.0	http://purl.org/collections/nl/am/t-15579
http://purl.org/collections/nl/am/proxy-72303	560.0	http://purl.org/collections/nl/am/t-22503
http://purl.org/collections/nl/am/proxy-68444	561.0	http://purl.org/collections/nl/am/t-14592
http://purl.org/collections/nl/am/proxy-63296	563.0	http://purl.org/collections/nl/am/t-14592
http://purl.org/collections/nl/am/proxy-45521	564.0	http://purl.org/collections/nl/am/t-14592
http://purl.org/collections/nl/am/proxy-5900	565.0	http://purl.org/collections/nl/am/t-15459
http://purl.org/collections/nl/am/proxy-44408	566.0	http://purl.org/collections/nl/am/t-15579
http://purl.org/collections/nl/am/proxy-23739	567.0	http://purl.org/collections/nl/am/t-15579
http://purl.org/collections/nl/am/proxy-63021	568.0	http://purl.org/collections/nl/am/t-22503
http://purl.org/collections/nl/am/proxy-50507	570.0	http://purl.org/collections/nl/am/t-22503
http://purl.org/collections/nl/am/proxy-59764	571.0	http://purl.org/collections/nl/am/t-22503
http://purl.org/collections/nl/am/proxy-19361	572.0	http://purl.org/collections/nl/am/t-15459
http://purl.org/collections/nl/am/proxy-32384	573.0	http://purl.org/collections/nl/am/t-5504
http://purl.org/collections/nl/am/proxy-4379	574.0	http://purl.org/collections/nl/am/t-22503
http://purl.org/collections/nl/am/proxy-21193	575.0	http://purl.org/collections/nl/am/t-15579
http://purl.org/collections/nl/am/proxy-40122	576.0	http://purl.org/collections/nl/am/t-22505
http://purl.org/collections/nl/am/proxy-42332	579.0	http://purl.org/collections/nl/am/t-22503
http://purl.org/collections/nl/am/proxy-52965	581.0	http://purl.org/collections/nl/am/t-22503
http://purl.org/collections/nl/am/proxy-2679	582.0	http://purl.org/collections/nl/am/t-22503
http://purl.org/collections/nl/am/proxy-39521	583.0	http://purl.org/collections/nl/am/t-22506
http://purl.org/collections/nl/am/proxy-50255	584.0	http://purl.org/collections/nl/am/t-22503
http://purl.org/collections/nl/am/proxy-23416	587.0	http://purl.org/collections/nl/am/t-22508
http://purl.org/collections/nl/am/proxy-40042	588.0	http://purl.org/collections/nl/am/t-22505
http://purl.org/collections/nl/am/proxy-11175	589.0	http://purl.org/collections/nl/am/t-22508
http://purl.org/collections/nl/am/proxy-5449	590.0	http://purl.org/collections/nl/am/t-22508
http://purl.org/collections/nl/am/proxy-53923	591.0	http://purl.org/collections/nl/am/t-22503
http://purl.org/collections/nl/am/proxy-465	592.0	http://purl.org/collections/nl/am/t-22503
http://purl.org/collections/nl/am/proxy-29227	593.0	http://purl.org/collections/nl/am/t-5504
http://purl.org/collections/nl/am/proxy-8890	594.0	http://purl.org/collections/nl/am/t-15606
http://purl.org/collections/nl/am/proxy-39520	595.0	http://purl.org/collections/nl/am/t-22506
http://purl.org/collections/nl/am/proxy-20452	597.0	http://purl.org/collections/nl/am/t-5504
http://purl.org/collections/nl/am/proxy-68586	598.0	http://purl.org/collections/nl/am/t-14592
http://purl.org/collections/nl/am/proxy-52809	600.0	http://purl.org/collections/nl/am/t-22503
http://purl.org/collections/nl/am/proxy-52934	601.0	http://purl.org/collections/nl/am/t-22503
http://purl.org/collections/nl/am/proxy-27753	602.0	http://purl.org/collections/nl/am/t-5504
http://purl.org/collections/nl/am/proxy-61799	603.0	http://purl.org/collections/nl/am/t-22505
http://purl.org/collections/nl/am/proxy-21860	604.0	http://purl.org/collections/nl/am/t-15579
http://purl.org/collections/nl/am/proxy-1034	605.0	http://purl.org/collections/nl/am/t-22503
http://purl.org/collections/nl/am/proxy-9215	606.0	http://purl.org/collections/nl/am/t-5504
http://purl.org/collections/nl/am/proxy-21907	607.0	http://purl.org/collections/nl/am/t-5504
http://purl.org/collections/nl/am/proxy-8853	608.0	http://purl.org/collections/nl/am/t-15606
http://purl.org/collections/nl/am/proxy-24543	609.0	http://purl.org/collections/nl/am/t-5504
http://purl.org/collections/nl/am/proxy-41770	611.0	http://purl.org/collections/nl/am/t-22505
http://purl.org/collections/nl/am/proxy-50336	612.0	http://purl.org/collections/nl/am/t-22503
http://purl.org/collections/nl/am/proxy-57239	613.0	http://purl.org/collections/nl/am/t-22503
http://purl.org/collections/nl/am/proxy-68512	616.0	http://purl.org/collections/nl/am/t-14592
http://purl.org/collections/nl/am/proxy-48968	617.0	http://purl.org/collections/nl/am/t-22504
http://purl.org/collections/nl/am/proxy-67697	618.0	http://purl.org/collections/nl/am/t-14592
http://purl.org/collections/nl/am/proxy-69824	619.0	http://purl.org/collections/nl/am/t-22503
http://purl.org/collections/nl/am/proxy-45945	620.0	http://purl.org/collections/nl/am/t-14592
http://purl.org/collections/nl/am/proxy-53881	622.0	http://purl.org/collections/nl/am/t-22503
http://purl.org/collections/nl/am/proxy-51707	623.0	http://purl.org/collections/nl/am/t-22503
http://purl.org/collections/nl/am/proxy-37866	626.0	http://purl.org/collections/nl/am/t-22506
http://purl.org/collections/nl/am/proxy-57529	627.0	http://purl.org/collections/nl/am/t-22503
http://purl.org/collections/nl/am/proxy-65706	628.0	http://purl.org/collections/nl/am/t-22503
http://purl.org/collections/nl/am/proxy-4116	629.0	http://purl.org/collections/nl/am/t-5504
http://purl.org/collections/nl/am/proxy-47667	630.0	http://purl.org/collections/nl/am/t-5504
http://purl.org/collections/nl/am/proxy-39377	631.0	http://purl.org/collections/nl/am/t-22506
http://purl.org/collections/nl/am/proxy-29023	632.0	http://purl.org/collections/nl/am/t-15579
http://purl.org/collections/nl/am/proxy-10741	633.0	http://purl.org/collections/nl/am/t-22508
http://purl.org/collections/nl/am/proxy-73473	634.0	http://purl.org/collections/nl/am/t-22505
http://purl.org/collections/nl/am/proxy-20916	635.0	http://purl.org/collections/nl/am/t-15459
http://purl.org/collections/nl/am/proxy-6358	636.0	http://purl.org/collections/nl/am/t-22504
http://purl.org/collections/nl/am/proxy-69233	637.0	http://purl.org/collections/nl/am/t-22503
http://purl.org/collections/nl/am/proxy-14527	638.0	http://purl.org/collections/nl/am/t-22505
http://purl.org/collections/nl/am/proxy-31521	640.0	http://purl.org/collections/nl/am/t-5504
http://purl.org/collections/nl/am/proxy-49076	641.0	http://purl.org/collections/nl/am/t-22504
http://purl.org/collections/nl/am/proxy-6701	644.0	http://purl.org/collections/nl/am/t-15606
http://purl.org/collections/nl/am/proxy-14696	645.0	http://purl.org/collections/nl/am/t-15606
http://purl.org/collections/nl/am/proxy-27739	647.0	http://purl.org/collections/nl/am/t-5504
http://purl.org/collections/nl/am/proxy-53357	648.0	http://purl.org/collections/nl/am/t-22503
http://purl.org/collections/nl/am/proxy-57656	649.0	http://purl.org/collections/nl/am/t-22503
http://purl.org/collections/nl/am/proxy-28213	650.0	http://purl.org/collections/nl/am/t-5504
http://purl.org/collections/nl/am/proxy-57415	651.0	http://purl.org/collections/nl/am/t-22503
http://purl.org/collections/nl/am/proxy-70789	652.0	http://purl.org/collections/nl/am/t-22503
http://purl.org/collections/nl/am/proxy-46337	654.0	http://purl.org/collections/nl/am/t-14592
http://purl.org/collections/nl/am/proxy-5839	655.0	http://purl.org/collections/nl/am/t-15459
http://purl.org/collections/nl/am/proxy-4714	656.0	http://purl.org/collections/nl/am/t-22507
http://purl.org/collections/nl/am/proxy-45486	657.0	http://purl.org/collections/nl/am/t-14592
http://purl.org/collections/nl/am/proxy-25836	659.0	http://purl.org/collections/nl/am/t-15459
http://purl.org/collections/nl/am/proxy-27852	661.0	http://purl.org/collections/nl/am/t-5504
http://purl.org/collections/nl/am/proxy-65872	663.0	http://purl.org/collections/nl/am/t-22503
http://purl.org/collections/nl/am/proxy-747	664.0	http://purl.org/collections/nl/am/t-22503
http://purl.org/collections/nl/am/proxy-71358	665.0	http://purl.org/collections/nl/am/t-22503
http://purl.org/collections/nl/am/proxy-65241	666.0	http://purl.org/collections/nl/am/t-22503
http://purl.org/collections/nl/am/proxy-43034	667.0	http://purl.org/collections/nl/am/t-22505
http://purl.org/collections/nl/am/proxy-49814	668.0	http://purl.org/collections/nl/am/t-22503
http://purl.org/collections/nl/am/proxy-69425	669.0	http://purl.org/collections/nl/am/t-22503
http://purl.org/collections/nl/am/proxy-64718	671.0	http://purl.org/collections/nl/am/t-15579
http://purl.org/collections/nl/am/proxy-4245	672.0	http://purl.org/collections/nl/am/t-22503
http://purl.org/collections/nl/am/proxy-27833	673.0	http://purl.org/collections/nl/am/t-5504
http://purl.org/collections/nl/am/proxy-11222	674.0	http://purl.org/collections/nl/am/t-15606
http://purl.org/collections/nl/am/proxy-71044	675.0	http://purl.org/collections/nl/am/t-22503
http://purl.org/collections/nl/am/proxy-55383	676.0	http://purl.org/collections/nl/am/t-22503
http://purl.org/collections/nl/am/proxy-41006	677.0	http://purl.org/collections/nl/am/t-22505
http://purl.org/collections/nl/am/proxy-73215	678.0	http://purl.org/collections/nl/am/t-15579
http://purl.org/collections/nl/am/proxy-52104	679.0	http://purl.org/collections/nl/am/t-22503
http://purl.org/collections/nl/am/proxy-49667	680.0	http://purl.org/collections/nl/am/t-22503
http://purl.org/collections/nl/am/proxy-18765	681.0	http://purl.org/collections/nl/am/t-15579
http://purl.org/collections/nl/am/proxy-20259	682.0	http://purl.org/collections/nl/am/t-5504
http://purl.org/collections/nl/am/proxy-39700	683.0	http://purl.org/collections/nl/am/t-22506
http://purl.org/collections/nl/am/proxy-56442	684.0	http://purl.org/collections/nl/am/t-22503
http://purl.org/collections/nl/am/proxy-9915	685.0	http://purl.org/collections/nl/am/t-5504
http://purl.org/collections/nl/am/proxy-9587	686.0	http://purl.org/collections/nl/am/t-15459
http://purl.org/collections/nl/am/proxy-29904	687.0	http://purl.org/collections/nl/am/t-15579
http://purl.org/collections/nl/am/proxy-63833	689.0	http://purl.org/collections/nl/am/t-22508
http://purl.org/collections/nl/am/proxy-43660	690.0	http://purl.org/collections/nl/am/t-22505
http://purl.org/collections/nl/am/proxy-9003	692.0	http://purl.org/collections/nl/am/t-15606
http://purl.org/collections/nl/am/proxy-48991	693.0	http://purl.org/collections/nl/am/t-22506
http://purl.org/collections/nl/am/proxy-63900	694.0	http://purl.org/collections/nl/am/t-22508
http://purl.org/collections/nl/am/proxy-49490	695.0	http://purl.org/collections/nl/am/t-22504
http://purl.org/collections/nl/am/proxy-13435	696.0	http://purl.org/collections/nl/am/t-22507
http://purl.org/collections/nl/am/proxy-12796	697.0	http://purl.org/collections/nl/am/t-15606
http://purl.org/collections/nl/am/proxy-53141	698.0	http://purl.org/collections/nl/am/t-22503
http://purl.org/collections/nl/am/proxy-49666	699.0	http://purl.org/collections/nl/am/t-22503
http://purl.org/collections/nl/am/proxy-25669	700.0	http://purl.org/collections/nl/am/t-5504
http://purl.org/collections/nl/am/proxy-18803	701.0	http://purl.org/collections/nl/am/t-15579
http://purl.org/collections/nl/am/proxy-26362	702.0	http://purl.org/collections/nl/am/t-15459
http://purl.org/collections/nl/am/proxy-9047	703.0	http://purl.org/collections/nl/am/t-15606
http://purl.org/collections/nl/am/proxy-59006	704.0	http://purl.org/collections/nl/am/t-22503
http://purl.org/collections/nl/am/proxy-1854	705.0	http://purl.org/collections/nl/am/t-22503
http://purl.org/collections/nl/am/proxy-72948	709.0	http://purl.org/collections/nl/am/t-14592
http://purl.org/collections/nl/am/proxy-20714	710.0	http://purl.org/collections/nl/am/t-22503
http://purl.org/collections/nl/am/proxy-61970	711.0	http://purl.org/collections/nl/am/t-22505
http://purl.org/collections/nl/am/proxy-13952	712.0	http://purl.org/collections/nl/am/t-15606
http://purl.org/collections/nl/am/proxy-27760	713.0	http://purl.org/collections/nl/am/t-5504
http://purl.org/collections/nl/am/proxy-28342	715.0	http://purl.org/collections/nl/am/t-5504
http://purl.org/collections/nl/am/proxy-42344	716.0	http://purl.org/collections/nl/am/t-22505
http://purl.org/collections/nl/am/proxy-47776	717.0	http://purl.org/collections/nl/am/t-22505
http://purl.org/collections/nl/am/proxy-6075	718.0	http://purl.org/collections/nl/am/t-22503
http://purl.org/collections/nl/am/proxy-2719	719.0	http://purl.org/collections/nl/am/t-22503
http://purl.org/collections/nl/am/proxy-47535	721.0	http://purl.org/collections/nl/am/t-5504
http://purl.org/collections/nl/am/proxy-1235	722.0	http://purl.org/collections/nl/am/t-22503
http://purl.org/collections/nl/am/proxy-42131	723.0	http://purl.org/collections/nl/am/t-22505
http://purl.org/collections/nl/am/proxy-64759	725.0	http://purl.org/collections/nl/am/t-22503
http://purl.org/collections/nl/am/proxy-12136	726.0	http://purl.org/collections/nl/am/t-5504
http://purl.org/collections/nl/am/proxy-28341	728.0	http://purl.org/collections/nl/am/t-15606
http://purl.org/collections/nl/am/proxy-33473	730.0	http://purl.org/collections/nl/am/t-14592
http://purl.org/collections/nl/am/proxy-45934	731.0	http://purl.org/collections/nl/am/t-14592
http://purl.org/collections/nl/am/proxy-64491	732.0	http://purl.org/collections/nl/am/t-15579
http://purl.org/collections/nl/am/proxy-48137	733.0	http://purl.org/collections/nl/am/t-22504
http://purl.org/collections/nl/am/proxy-57521	734.0	http://purl.org/collections/nl/am/t-22503
http://purl.org/collections/nl/am/proxy-57622	736.0	http://purl.org/collections/nl/am/t-22503
http://purl.org/collections/nl/am/proxy-72910	737.0	http://purl.org/collections/nl/am/t-15579
http://purl.org/collections/nl/am/proxy-46263	738.0	http://purl.org/collections/nl/am/t-14592
http://purl.org/collections/nl/am/proxy-7802	740.0	http://purl.org/collections/nl/am/t-15579
http://purl.org/collections/nl/am/proxy-57104	741.0	http://purl.org/collections/nl/am/t-22503
http://purl.org/collections/nl/am/proxy-46994	742.0	http://purl.org/collections/nl/am/t-15459
http://purl.org/collections/nl/am/proxy-57108	743.0	http://purl.org/collections/nl/am/t-22503
http://purl.org/collections/nl/am/proxy-61792	744.0	http://purl.org/collections/nl/am/t-22505
http://purl.org/collections/nl/am/proxy-6549	745.0	http://purl.org/collections/nl/am/t-15606
http://purl.org/collections/nl/am/proxy-69060	746.0	http://purl.org/collections/nl/am/t-14592
http://purl.org/collections/nl/am/proxy-6605	747.0	http://purl.org/collections/nl/am/t-15606
http://purl.org/collections/nl/am/proxy-61269	748.0	http://purl.org/collections/nl/am/t-22503
http://purl.org/collections/nl/am/proxy-38184	751.0	http://purl.org/collections/nl/am/t-22506
http://purl.org/collections/nl/am/proxy-23118	752.0	http://purl.org/collections/nl/am/t-15579
http://purl.org/collections/nl/am/proxy-51566	754.0	http://purl.org/collections/nl/am/t-22503
http://purl.org/collections/nl/am/proxy-13828	756.0	http://purl.org/collections/nl/am/t-15606
http://purl.org/collections/nl/am/proxy-31903	759.0	http://purl.org/collections/nl/am/t-15579
http://purl.org/collections/nl/am/proxy-63803	760.0	http://purl.org/collections/nl/am/t-5504
http://purl.org/collections/nl/am/proxy-71087	762.0	http://purl.org/collections/nl/am/t-22503
http://purl.org/collections/nl/am/proxy-5832	763.0	http://purl.org/collections/nl/am/t-15459
http://purl.org/collections/nl/am/proxy-38086	764.0	http://purl.org/collections/nl/am/t-22506
http://purl.org/collections/nl/am/proxy-52579	765.0	http://purl.org/collections/nl/am/t-22503
http://purl.org/collections/nl/am/proxy-72627	766.0	http://purl.org/collections/nl/am/t-22503
http://purl.org/collections/nl/am/proxy-41706	767.0	http://purl.org/collections/nl/am/t-22505
http://purl.org/collections/nl/am/proxy-71280	768.0	http://purl.org/collections/nl/am/t-22503
http://purl.org/collections/nl/am/proxy-1276	769.0	http://purl.org/collections/nl/am/t-22503
http://purl.org/collections/nl/am/proxy-73960	770.0	http://purl.org/collections/nl/am/t-5504
http://purl.org/collections/nl/am/proxy-10179	771.0	http://purl.org/collections/nl/am/t-22508
http://purl.org/collections/nl/am/proxy-306	772.0	http://purl.org/collections/nl/am/t-22503
http://purl.org/collections/nl/am/proxy-42172	773.0	http://purl.org/collections/nl/am/t-22505
http://purl.org/collections/nl/am/proxy-71668	774.0	http://purl.org/collections/nl/am/t-22503
http://purl.org/collections/nl/am/proxy-44726	775.0	http://purl.org/collections/nl/am/t-15579
http://purl.org/collections/nl/am/proxy-65092	776.0	http://purl.org/collections/nl/am/t-22503
http://purl.org/collections/nl/am/proxy-26567	777.0	http://purl.org/collections/nl/am/t-15459
http://purl.org/collections/nl/am/proxy-3579	778.0	http://purl.org/collections/nl/am/t-22503
http://purl.org/collections/nl/am/proxy-39914	779.0	http://purl.org/collections/nl/am/t-22505
http://purl.org/collections/nl/am/proxy-46999	780.0	http://purl.org/collections/nl/am/t-15459
http://purl.org/collections/nl/am/proxy-38398	782.0	http://purl.org/collections/nl/am/t-22506
http://purl.org/collections/nl/am/proxy-49082	783.0	http://purl.org/collections/nl/am/t-22504
http://purl.org/collections/nl/am/proxy-26124	784.0	http://purl.org/collections/nl/am/t-15579
http://purl.org/collections/nl/am/proxy-70863	787.0	http://purl.org/collections/nl/am/t-22503
http://purl.org/collections/nl/am/proxy-56142	789.0	http://purl.org/collections/nl/am/t-22503
http://purl.org/collections/nl/am/proxy-72374	791.0	http://purl.org/collections/nl/am/t-22503
http://purl.org/collections/nl/am/proxy-67983	792.0	http://purl.org/collections/nl/am/t-14592
http://purl.org/collections/nl/am/proxy-47641	794.0	http://purl.org/collections/nl/am/t-5504
http://purl.org/collections/nl/am/proxy-67987	795.0	http://purl.org/collections/nl/am/t-14592
http://purl.org/collections/nl/am/proxy-6401	796.0	http://purl.org/collections/nl/am/t-15606
http://purl.org/collections/nl/am/proxy-11391	797.0	http://purl.org/collections/nl/am/t-15606
http://purl.org/collections/nl/am/proxy-59104	799.0	http://purl.org/collections/nl/am/t-22503
http://purl.org/collections/nl/am/proxy-689	800.0	http://purl.org/collections/nl/am/t-22503
http://purl.org/collections/nl/am/proxy-54538	801.0	http://purl.org/collections/nl/am/t-22503
http://purl.org/collections/nl/am/proxy-13050	802.0	http://purl.org/collections/nl/am/t-15606
http://purl.org/collections/nl/am/proxy-53350	803.0	http://purl.org/collections/nl/am/t-22503
http://purl.org/collections/nl/am/proxy-61318	804.0	http://purl.org/collections/nl/am/t-22503
http://purl.org/collections/nl/am/proxy-44932	805.0	http://purl.org/collections/nl/am/t-14592
http://purl.org/collections/nl/am/proxy-61455	806.0	http://purl.org/collections/nl/am/t-22503
http://purl.org/collections/nl/am/proxy-50884	807.0	http://purl.org/collections/nl/am/t-22504
http://purl.org/collections/nl/am/proxy-29835	808.0	http://purl.org/collections/nl/am/t-15579
http://purl.org/collections/nl/am/proxy-10952	809.0	http://purl.org/collections/nl/am/t-22508
http://purl.org/collections/nl/am/proxy-11570	810.0	http://purl.org/collections/nl/am/t-22508
http://purl.org/collections/nl/am/proxy-55700	811.0	http://purl.org/collections/nl/am/t-22503
http://purl.org/collections/nl/am/proxy-19431	812.0	http://purl.org/collections/nl/am/t-5504
http://purl.org/collections/nl/am/proxy-53533	813.0	http://purl.org/collections/nl/am/t-22503
http://purl.org/collections/nl/am/proxy-71823	814.0	http://purl.org/collections/nl/am/t-22503
http://purl.org/collections/nl/am/proxy-1585	815.0	http://purl.org/collections/nl/am/t-22503
http://purl.org/collections/nl/am/proxy-3548	818.0	http://purl.org/collections/nl/am/t-22503
http://purl.org/collections/nl/am/proxy-6403	820.0	http://purl.org/collections/nl/am/t-15606
http://purl.org/collections/nl/am/proxy-71430	821.0	http://purl.org/collections/nl/am/t-22503
http://purl.org/collections/nl/am/proxy-11494	822.0	http://purl.org/collections/nl/am/t-22507
http://purl.org/collections/nl/am/proxy-72131	823.0	http://purl.org/collections/nl/am/t-22503
http://purl.org/collections/nl/am/proxy-50235	825.0	http://purl.org/collections/nl/am/t-22503
http://purl.org/collections/nl/am/proxy-66900	826.0	http://purl.org/collections/nl/am/t-22507
http://purl.org/collections/nl/am/proxy-27590	827.0	http://purl.org/collections/nl/am/t-15579
http://purl.org/collections/nl/am/proxy-69246	828.0	http://purl.org/collections/nl/am/t-22503
http://purl.org/collections/nl/am/proxy-3363	830.0	http://purl.org/collections/nl/am/t-22503
http://purl.org/collections/nl/am/proxy-21483	831.0	http://purl.org/collections/nl/am/t-15579
http://purl.org/collections/nl/am/proxy-41424	832.0	http://purl.org/collections/nl/am/t-22505
http://purl.org/collections/nl/am/proxy-53821	833.0	http://purl.org/collections/nl/am/t-22503
http://purl.org/collections/nl/am/proxy-29582	834.0	http://purl.org/collections/nl/am/t-5504
http://purl.org/collections/nl/am/proxy-67675	836.0	http://purl.org/collections/nl/am/t-15579
http://purl.org/collections/nl/am/proxy-63138	838.0	http://purl.org/collections/nl/am/t-5504
http://purl.org/collections/nl/am/proxy-1346	839.0	http://purl.org/collections/nl/am/t-22503
http://purl.org/collections/nl/am/proxy-62596	840.0	http://purl.org/collections/nl/am/t-5504
http://purl.org/collections/nl/am/proxy-19298	841.0	http://purl.org/collections/nl/am/t-15459
http://purl.org/collections/nl/am/proxy-50852	843.0	http://purl.org/collections/nl/am/t-22505
http://purl.org/collections/nl/am/proxy-66137	844.0	http://purl.org/collections/nl/am/t-14592
http://purl.org/collections/nl/am/proxy-42175	845.0	http://purl.org/collections/nl/am/t-22505
http://purl.org/collections/nl/am/proxy-38264	847.0	http://purl.org/collections/nl/am/t-22506
http://purl.org/collections/nl/am/proxy-13821	849.0	http://purl.org/collections/nl/am/t-15606
http://purl.org/collections/nl/am/proxy-70373	850.0	http://purl.org/collections/nl/am/t-22503
http://purl.org/collections/nl/am/proxy-53054	851.0	http://purl.org/collections/nl/am/t-22503
http://purl.org/collections/nl/am/proxy-64232	855.0	http://purl.org/collections/nl/am/t-15579
http://purl.org/collections/nl/am/proxy-66194	856.0	http://purl.org/collections/nl/am/t-14592
http://purl.org/collections/nl/am/proxy-72008	857.0	http://purl.org/collections/nl/am/t-22503
http://purl.org/collections/nl/am/proxy-72470	859.0	http://purl.org/collections/nl/am/t-22503
http://purl.org/collections/nl/am/proxy-28186	863.0	http://purl.org/collections/nl/am/t-22505
http://purl.org/collections/nl/am/proxy-3038	864.0	http://purl.org/collections/nl/am/t-22503
http://purl.org/collections/nl/am/proxy-53671	865.0	http://purl.org/collections/nl/am/t-22503
http://purl.org/collections/nl/am/proxy-54714	866.0	http://purl.org/collections/nl/am/t-22503
http://purl.org/collections/nl/am/proxy-6415	867.0	http://purl.org/collections/nl/am/t-15606
http://purl.org/collections/nl/am/proxy-50474	868.0	http://purl.org/collections/nl/am/t-22503
http://purl.org/collections/nl/am/proxy-69110	869.0	http://purl.org/collections/nl/am/t-22503
http://purl.org/collections/nl/am/proxy-73119	870.0	http://purl.org/collections/nl/am/t-14592
http://purl.org/collections/nl/am/proxy-56127	871.0	http://purl.org/collections/nl/am/t-22503
http://purl.org/collections/nl/am/proxy-50787	873.0	http://purl.org/collections/nl/am/t-14592
http://purl.org/collections/nl/am/proxy-73121	874.0	http://purl.org/collections/nl/am/t-14592
http://purl.org/collections/nl/am/proxy-66826	875.0	http://purl.org/collections/nl/am/t-22508
http://purl.org/collections/nl/am/proxy-40334	876.0	http://purl.org/collections/nl/am/t-22505
http://purl.org/collections/nl/am/proxy-4828	877.0	http://purl.org/collections/nl/am/t-22507
http://purl.org/collections/nl/am/proxy-42098	878.0	http://purl.org/collections/nl/am/t-22505
http://purl.org/collections/nl/am/proxy-53966	879.0	http://purl.org/collections/nl/am/t-22503
http://purl.org/collections/nl/am/proxy-65136	880.0	http://purl.org/collections/nl/am/t-22503
http://purl.org/collections/nl/am/proxy-54860	882.0	http://purl.org/collections/nl/am/t-22503
http://purl.org/collections/nl/am/proxy-32791	883.0	http://purl.org/collections/nl/am/t-22508
http://purl.org/collections/nl/am/proxy-44975	884.0	http://purl.org/collections/nl/am/t-14592
http://purl.org/collections/nl/am/proxy-6611	886.0	http://purl.org/collections/nl/am/t-15606
http://purl.org/collections/nl/am/proxy-15827	887.0	http://purl.org/collections/nl/am/t-15459
http://purl.org/collections/nl/am/proxy-50681	888.0	http://purl.org/collections/nl/am/t-22503
http://purl.org/collections/nl/am/proxy-23987	889.0	http://purl.org/collections/nl/am/t-15579
http://purl.org/collections/nl/am/proxy-22546	890.0	http://purl.org/collections/nl/am/t-15579
http://purl.org/collections/nl/am/proxy-52528	891.0	http://purl.org/collections/nl/am/t-22503
http://purl.org/collections/nl/am/proxy-43239	892.0	http://purl.org/collections/nl/am/t-22505
http://purl.org/collections/nl/am/proxy-20612	893.0	http://purl.org/collections/nl/am/t-15579
http://purl.org/collections/nl/am/proxy-16520	895.0	http://purl.org/collections/nl/am/t-5504
http://purl.org/collections/nl/am/proxy-3100	897.0	http://purl.org/collections/nl/am/t-5504
http://purl.org/collections/nl/am/proxy-74618	898.0	http://purl.org/collections/nl/am/t-5504
http://purl.org/collections/nl/am/proxy-29721	899.0	http://purl.org/collections/nl/am/t-15579
http://purl.org/collections/nl/am/proxy-61323	900.0	http://purl.org/collections/nl/am/t-22503
http://purl.org/collections/nl/am/proxy-5554	903.0	http://purl.org/collections/nl/am/t-22508
http://purl.org/collections/nl/am/proxy-3689	904.0	http://purl.org/collections/nl/am/t-22504
http://purl.org/collections/nl/am/proxy-31526	905.0	http://purl.org/collections/nl/am/t-5504
http://purl.org/collections/nl/am/proxy-60962	906.0	http://purl.org/collections/nl/am/t-22503
http://purl.org/collections/nl/am/proxy-243	908.0	http://purl.org/collections/nl/am/t-22503
http://purl.org/collections/nl/am/proxy-58542	909.0	http://purl.org/collections/nl/am/t-5504
http://purl.org/collections/nl/am/proxy-55741	910.0	http://purl.org/collections/nl/am/t-22503
http://purl.org/collections/nl/am/proxy-51473	911.0	http://purl.org/collections/nl/am/t-22503
http://purl.org/collections/nl/am/proxy-47189	913.0	http://purl.org/collections/nl/am/t-5504
http://purl.org/collections/nl/am/proxy-19206	914.0	http://purl.org/collections/nl/am/t-15579
http://purl.org/collections/nl/am/proxy-31918	915.0	http://purl.org/collections/nl/am/t-15579
http://purl.org/collections/nl/am/proxy-6580	918.0	http://purl.org/collections/nl/am/t-15606
http://purl.org/collections/nl/am/proxy-52137	919.0	http://purl.org/collections/nl/am/t-22503
http://purl.org/collections/nl/am/proxy-45350	920.0	http://purl.org/collections/nl/am/t-14592
http://purl.org/collections/nl/am/proxy-48171	921.0	http://purl.org/collections/nl/am/t-15606
http://purl.org/collections/nl/am/proxy-12116	923.0	http://purl.org/collections/nl/am/t-22508
http://purl.org/collections/nl/am/proxy-72243	924.0	http://purl.org/collections/nl/am/t-22503
http://purl.org/collections/nl/am/proxy-28595	925.0	http://purl.org/collections/nl/am/t-15579
http://purl.org/collections/nl/am/proxy-64756	926.0	http://purl.org/collections/nl/am/t-15579
http://purl.org/collections/nl/am/proxy-24230	927.0	http://purl.org/collections/nl/am/t-15459
http://purl.org/collections/nl/am/proxy-51116	928.0	http://purl.org/collections/nl/am/t-22503
http://purl.org/collections/nl/am/proxy-3346	930.0	http://purl.org/collections/nl/am/t-22503
http://purl.org/collections/nl/am/proxy-66001	931.0	http://purl.org/collections/nl/am/t-22503
http://purl.org/collections/nl/am/proxy-54167	932.0	http://purl.org/collections/nl/am/t-22503
http://purl.org/collections/nl/am/proxy-54648	933.0	http://purl.org/collections/nl/am/t-5504
http://purl.org/collections/nl/am/proxy-30224	936.0	http://purl.org/collections/nl/am/t-5504
http://purl.org/collections/nl/am/proxy-31336	937.0	http://purl.org/collections/nl/am/t-15606
http://purl.org/collections/nl/am/proxy-66998	938.0	http://purl.org/collections/nl/am/t-5504
http://purl.org/collections/nl/am/proxy-70241	939.0	http://purl.org/collections/nl/am/t-22503
http://purl.org/collections/nl/am/proxy-40545	940.0	http://purl.org/collections/nl/am/t-22505
http://purl.org/collections/nl/am/proxy-4887	941.0	http://purl.org/collections/nl/am/t-22507
http://purl.org/collections/nl/am/proxy-43400	942.0	http://purl.org/collections/nl/am/t-22505
http://purl.org/collections/nl/am/proxy-8162	943.0	http://purl.org/collections/nl/am/t-15459
http://purl.org/collections/nl/am/proxy-75012	944.0	http://purl.org/collections/nl/am/t-5504
http://purl.org/collections/nl/am/proxy-38372	945.0	http://purl.org/collections/nl/am/t-22506
http://purl.org/collections/nl/am/proxy-5626	947.0	http://purl.org/collections/nl/am/t-22508
http://purl.org/collections/nl/am/proxy-60999	952.0	http://purl.org/collections/nl/am/t-22503
http://purl.org/collections/nl/am/proxy-15808	953.0	http://purl.org/collections/nl/am/t-5504
http://purl.org/collections/nl/am/proxy-765	954.0	http://purl.org/collections/nl/am/t-22503
http://purl.org/collections/nl/am/proxy-4085	955.0	http://purl.org/collections/nl/am/t-22503
http://purl.org/collections/nl/am/proxy-10155	956.0	http://purl.org/collections/nl/am/t-22508
http://purl.org/collections/nl/am/proxy-74621	957.0	http://purl.org/collections/nl/am/t-5504
http://purl.org/collections/nl/am/proxy-26515	958.0	http://purl.org/collections/nl/am/t-15459
http://purl.org/collections/nl/am/proxy-5704	959.0	http://purl.org/collections/nl/am/t-22508
http://purl.org/collections/nl/am/proxy-24707	963.0	http://purl.org/collections/nl/am/t-15579
http://purl.org/collections/nl/am/proxy-21776	964.0	http://purl.org/collections/nl/am/t-15579
http://purl.org/collections/nl/am/proxy-2973	965.0	http://purl.org/collections/nl/am/t-22503
http://purl.org/collections/nl/am/proxy-12973	966.0	http://purl.org/collections/nl/am/t-15606
http://purl.org/collections/nl/am/proxy-47432	967.0	http://purl.org/collections/nl/am/t-5504
http://purl.org/collections/nl/am/proxy-40201	968.0	http://purl.org/collections/nl/am/t-22505
http://purl.org/collections/nl/am/proxy-66440	969.0	http://purl.org/collections/nl/am/t-15579
http://purl.org/collections/nl/am/proxy-65288	970.0	http://purl.org/collections/nl/am/t-22503
http://purl.org/collections/nl/am/proxy-22972	971.0	http://purl.org/collections/nl/am/t-22507
http://purl.org/collections/nl/am/proxy-31168	972.0	http://purl.org/collections/nl/am/t-15459
http://purl.org/collections/nl/am/proxy-22792	973.0	http://purl.org/collections/nl/am/t-15606
http://purl.org/collections/nl/am/proxy-73288	974.0	http://purl.org/collections/nl/am/t-14592
http://purl.org/collections/nl/am/proxy-53934	975.0	http://purl.org/collections/nl/am/t-22503
http://purl.org/collections/nl/am/proxy-39568	976.0	http://purl.org/collections/nl/am/t-22506
http://purl.org/collections/nl/am/proxy-39093	978.0	http://purl.org/collections/nl/am/t-22506
http://purl.org/collections/nl/am/proxy-48945	979.0	http://purl.org/collections/nl/am/t-22504
http://purl.org/collections/nl/am/proxy-21595	980.0	http://purl.org/collections/nl/am/t-15606
http://purl.org/collections/nl/am/proxy-52003	981.0	http://purl.org/collections/nl/am/t-22503
http://purl.org/collections/nl/am/proxy-9920	983.0	http://purl.org/collections/nl/am/t-5504
http://purl.org/collections/nl/am/proxy-25014	985.0	http://purl.org/collections/nl/am/t-5504
http://purl.org/collections/nl/am/proxy-73186	986.0	http://purl.org/collections/nl/am/t-14592
http://purl.org/collections/nl/am/proxy-47054	988.0	http://purl.org/collections/nl/am/t-22503
http://purl.org/collections/nl/am/proxy-57788	990.0	http://purl.org/collections/nl/am/t-22503
http://purl.org/collections/nl/am/proxy-1835	993.0	http://purl.org/collections/nl/am/t-22503
http://purl.org/collections/nl/am/proxy-2174	994.0	http://purl.org/collections/nl/am/t-22503
http://purl.org/collections/nl/am/proxy-8065	996.0	http://purl.org/collections/nl/am/t-15606
http://purl.org/collections/nl/am/proxy-65142	997.0	http://purl.org/collections/nl/am/t-22503
http://purl.org/collections/nl/am/proxy-70805	999.0	http://purl.org/collections/nl/am/t-22503
http://purl.org/collections/nl/am/proxy-21975	1000.0	http://purl.org/collections/nl/am/t-5504
